category,year_month,usdprice,base_price,price_index,mom_change_pct
"Daging, Ikan & Telur",2016-01,3.46,3.46,100.0,
"Daging, Ikan & Telur",2016-02,3.66,3.46,105.78034682080926,5.780346820809257
"Daging, Ikan & Telur",2016-03,3.55,3.46,102.60115606936415,-3.0054644808743314
"Daging, Ikan & Telur",2016-04,3.66,3.46,105.78034682080926,3.0985915492957927
"Daging, Ikan & Telur",2016-05,3.4000000000000004,3.46,98.26589595375724,-7.103825136612018
"Daging, Ikan & Telur",2016-06,3.65,3.46,105.49132947976878,7.352941176470562
"Daging, Ikan & Telur",2016-07,3.66,3.46,105.78034682080926,0.273972602739736
"Daging, Ikan & Telur",2016-08,3.675,3.46,106.21387283236994,0.4098360655737654
"Daging, Ikan & Telur",2016-09,3.43,3.46,99.13294797687861,-6.666666666666665
"Daging, Ikan & Telur",2016-10,3.725,3.46,107.65895953757226,8.600583090379011
"Daging, Ikan & Telur",2016-11,3.68,3.46,106.35838150289018,-1.2080536912751683
"Daging, Ikan & Telur",2016-12,3.6,3.46,104.0462427745665,-2.1739130434782483
"Daging, Ikan & Telur",2017-01,3.42,3.46,98.84393063583815,-5.000000000000016
"Daging, Ikan & Telur",2017-02,3.57,3.46,103.17919075144508,4.385964912280693
"Daging, Ikan & Telur",2017-03,3.74,3.46,108.09248554913296,4.761904761904789
"Daging, Ikan & Telur",2017-04,3.56,3.46,102.89017341040463,-4.812834224598939
"Daging, Ikan & Telur",2017-05,3.5149999999999997,3.46,101.58959537572254,-1.2640449438202306
"Daging, Ikan & Telur",2017-06,3.47,3.46,100.28901734104048,-1.2802275960170473
"Daging, Ikan & Telur",2017-07,3.48,3.46,100.57803468208093,0.28818443804032867
"Daging, Ikan & Telur",2017-08,3.48,3.46,100.57803468208093,0.0
"Daging, Ikan & Telur",2017-09,3.57,3.46,103.17919075144508,2.5862068965517127
"Daging, Ikan & Telur",2017-10,3.65,3.46,105.49132947976878,2.2408963585434316
"Daging, Ikan & Telur",2017-11,3.6,3.46,104.0462427745665,-1.3698630136986023
"Daging, Ikan & Telur",2017-12,3.56,3.46,102.89017341040463,-1.1111111111111294
"Daging, Ikan & Telur",2018-01,3.62,3.46,104.62427745664739,1.6853932584269593
"Daging, Ikan & Telur",2018-02,3.73,3.46,107.80346820809248,3.038674033149169
"Daging, Ikan & Telur",2018-03,3.55,3.46,102.60115606936415,-4.825737265415553
"Daging, Ikan & Telur",2018-04,3.69,3.46,106.64739884393065,3.943661971831003
"Daging, Ikan & Telur",2018-05,3.5949999999999998,3.46,103.90173410404624,-2.574525745257461
"Daging, Ikan & Telur",2018-06,3.55,3.46,102.60115606936415,-1.251738525730195
"Daging, Ikan & Telur",2018-07,3.57,3.46,103.17919075144508,0.5633802816901401
"Daging, Ikan & Telur",2018-08,3.59,3.46,103.75722543352602,0.5602240896358746
"Daging, Ikan & Telur",2018-09,3.64,3.46,105.20231213872833,1.392757660167132
"Daging, Ikan & Telur",2018-10,3.71,3.46,107.22543352601157,1.9230769230769162
"Daging, Ikan & Telur",2018-11,3.495,3.46,101.01156069364163,-5.795148247978432
"Daging, Ikan & Telur",2018-12,3.65,3.46,105.49132947976878,4.4349070100142995
"Daging, Ikan & Telur",2019-01,3.74,3.46,108.09248554913296,2.4657534246575574
"Daging, Ikan & Telur",2019-02,3.71,3.46,107.22543352601157,-0.8021390374331583
"Daging, Ikan & Telur",2019-03,3.7,3.46,106.9364161849711,-0.26954177897575704
"Daging, Ikan & Telur",2019-04,3.5199999999999996,3.46,101.73410404624276,-4.86486486486487
"Daging, Ikan & Telur",2019-05,3.55,3.46,102.60115606936415,0.8522727272727293
"Daging, Ikan & Telur",2019-06,3.49,3.46,100.86705202312139,-1.6901408450704092
"Daging, Ikan & Telur",2019-07,3.74,3.46,108.09248554913296,7.163323782234965
"Daging, Ikan & Telur",2019-08,3.565,3.46,103.03468208092485,-4.679144385026746
"Daging, Ikan & Telur",2019-09,3.67,3.46,106.0693641618497,2.94530154277699
"Daging, Ikan & Telur",2019-10,3.8,3.46,109.82658959537572,3.542234332425065
"Daging, Ikan & Telur",2019-11,3.68,3.46,106.35838150289018,-3.157894736842093
"Daging, Ikan & Telur",2019-12,3.75,3.46,108.38150289017341,1.902173913043459
"Daging, Ikan & Telur",2020-01,4.34,3.46,125.43352601156069,15.733333333333333
"Daging, Ikan & Telur",2020-02,4.23,3.46,122.25433526011562,-2.5345622119815503
"Daging, Ikan & Telur",2020-03,4.27,3.46,123.41040462427743,0.9456264775413281
"Daging, Ikan & Telur",2020-04,3.89,3.46,112.4277456647399,-8.899297423887553
"Daging, Ikan & Telur",2020-05,4.015,3.46,116.04046242774567,3.2133676092544805
"Daging, Ikan & Telur",2020-06,4.11,3.46,118.78612716763006,2.3661270236612575
"Daging, Ikan & Telur",2020-07,3.91,3.46,113.0057803468208,-4.866180048661805
"Daging, Ikan & Telur",2020-08,4.045,3.46,116.90751445086704,3.4526854219948833
"Daging, Ikan & Telur",2020-09,3.78,3.46,109.2485549132948,-6.551297898640285
"Daging, Ikan & Telur",2020-10,3.79,3.46,109.53757225433527,0.2645502645502784
"Daging, Ikan & Telur",2020-11,3.99,3.46,115.31791907514453,5.277044854881274
"Daging, Ikan & Telur",2020-12,3.97,3.46,114.73988439306359,-0.5012531328320913
"Daging, Ikan & Telur",2021-01,3.86,3.46,111.56069364161849,-2.770780856423194
"Daging, Ikan & Telur",2021-02,3.96,3.46,114.45086705202311,2.590673575129543
"Daging, Ikan & Telur",2021-03,3.89,3.46,112.4277456647399,-1.7676767676767402
"Daging, Ikan & Telur",2021-04,4.13,3.46,119.36416184971097,6.16966580976861
"Daging, Ikan & Telur",2021-05,3.94,3.46,113.87283236994219,-4.600484261501203
"Daging, Ikan & Telur",2021-06,3.95,3.46,114.16184971098266,0.2538071065989911
"Daging, Ikan & Telur",2021-07,4.015,3.46,116.04046242774567,1.6455696202531511
"Daging, Ikan & Telur",2021-08,3.74,3.46,108.09248554913296,-6.849315068493144
"Daging, Ikan & Telur",2021-09,3.89,3.46,112.4277456647399,4.010695187165791
"Daging, Ikan & Telur",2021-10,4.15,3.46,119.94219653179192,6.683804627249357
"Daging, Ikan & Telur",2021-11,4.01,3.46,115.89595375722543,-3.3734939759036298
"Daging, Ikan & Telur",2021-12,3.81,3.46,110.11560693641617,-4.987531172069836
"Daging, Ikan & Telur",2022-01,4.085,3.46,118.0635838150289,7.217847769028896
"Daging, Ikan & Telur",2022-02,4.1850000000000005,3.46,120.95375722543353,2.447980416156681
"Daging, Ikan & Telur",2022-03,4.22,3.46,121.96531791907515,0.8363201911588902
"Daging, Ikan & Telur",2022-04,4.25,3.46,122.83236994219652,0.7109004739336289
"Daging, Ikan & Telur",2022-05,4.175,3.46,120.66473988439306,-1.764705882352935
"Daging, Ikan & Telur",2022-06,4.14,3.46,119.65317919075144,-0.8383233532934131
"Daging, Ikan & Telur",2022-07,4.15,3.46,119.94219653179192,0.24154589371983004
"Daging, Ikan & Telur",2022-08,4.11,3.46,118.78612716763006,-0.9638554216867656
"Daging, Ikan & Telur",2022-09,4.09,3.46,118.20809248554913,-0.48661800486617945
"Daging, Ikan & Telur",2022-10,4.13,3.46,119.36416184971097,0.9779951100244322
"Daging, Ikan & Telur",2022-11,3.98,3.46,115.02890173410405,-3.6319612590798855
"Daging, Ikan & Telur",2022-12,4.07,3.46,117.63005780346822,2.261306532663321
"Daging, Ikan & Telur",2023-01,4.27,3.46,123.41040462427743,4.914004914004888
"Daging, Ikan & Telur",2023-02,4.22,3.46,121.96531791907515,-1.170960187353609
"Daging, Ikan & Telur",2023-03,4.3,3.46,124.27745664739885,1.8957345971563955
"Daging, Ikan & Telur",2023-04,4.3149999999999995,3.46,124.71098265895952,0.34883720930229956
"Daging, Ikan & Telur",2023-05,4.165,3.46,120.37572254335261,-3.476245654692911
"Daging, Ikan & Telur",2023-06,4.08,3.46,117.91907514450868,-2.0408163265306145
"Daging, Ikan & Telur",2023-07,4.28,3.46,123.69942196531794,4.90196078431373
"Daging, Ikan & Telur",2023-08,4.05,3.46,117.05202312138726,-5.373831775700966
"Daging, Ikan & Telur",2023-09,4.09,3.46,118.20809248554913,0.9876543209876631
"Daging, Ikan & Telur",2023-10,4.12,3.46,119.07514450867052,0.7334963325183352
"Daging, Ikan & Telur",2023-11,4.09,3.46,118.20809248554913,-0.7281553398058249
"Daging, Ikan & Telur",2023-12,4.21,3.46,121.67630057803468,2.933985330073363
"Daging, Ikan & Telur",2024-01,4.17,3.46,120.52023121387283,-0.9501187648456089
"Daging, Ikan & Telur",2024-02,4.0,3.46,115.60693641618498,-4.076738609112707
"Daging, Ikan & Telur",2024-03,3.82,3.46,110.40462427745665,-4.5000000000000036
"Daging, Ikan & Telur",2024-04,3.87,3.46,111.84971098265896,1.308900523560208
"Daging, Ikan & Telur",2024-05,3.95,3.46,114.16184971098266,2.067183462532296
"Daging, Ikan & Telur",2024-06,3.6,3.46,104.0462427745665,-8.860759493670878
"Daging, Ikan & Telur",2024-07,3.62,3.46,104.62427745664739,0.5555555555555314
"Daging, Ikan & Telur",2024-08,3.71,3.46,107.22543352601157,2.4861878453038777
"Daging, Ikan & Telur",2024-09,3.69,3.46,106.64739884393065,-0.5390835579514808
"Daging, Ikan & Telur",2024-10,3.6950000000000003,3.46,106.79190751445087,0.13550135501354532
"Daging, Ikan & Telur",2024-11,3.55,3.46,102.60115606936415,-3.9242219215155694
"Daging, Ikan & Telur",2024-12,3.62,3.46,104.62427745664739,1.9718309859154903
"Daging, Ikan & Telur",2025-01,3.49,3.46,100.86705202312139,-3.5911602209944715
"Daging, Ikan & Telur",2025-02,3.73,3.46,107.80346820809248,6.876790830945545
"Daging, Ikan & Telur",2025-03,3.66,3.46,105.78034682080926,-1.8766756032171483
"Daging, Ikan & Telur",2025-04,3.74,3.46,108.09248554913296,2.1857923497267784
"Daging, Ikan & Telur",2025-05,3.75,3.46,108.38150289017341,0.2673796791443639
"Daging, Ikan & Telur",2025-06,3.96,3.46,114.45086705202311,5.600000000000005
"Daging, Ikan & Telur",2025-07,3.8449999999999998,3.46,111.12716763005778,-2.90404040404042
"Daging, Ikan & Telur",2025-08,3.94,3.46,113.87283236994219,2.4707412223667236
"Daging, Ikan & Telur",2025-09,4.045,3.46,116.90751445086704,2.6649746192893398
"Daging, Ikan & Telur",2025-10,3.98,3.46,115.02890173410405,-1.606922126081567
"Daging, Ikan & Telur",2025-11,4.16,3.46,120.23121387283237,4.522613065326619
"Daging, Ikan & Telur",2025-12,4.04,3.46,116.76300578034682,-2.8846153846153855
"Daging, Ikan & Telur",2026-01,4.22,3.46,121.96531791907515,4.455445544554459
"Daging, Ikan & Telur",2026-02,4.5649999999999995,3.46,131.9364161849711,8.175355450236976
"Daging, Ikan & Telur",2026-03,2.88,3.46,83.23699421965318,-36.911281489594735
Kacang-kacangan,2016-01,1.03,1.03,100.0,
Kacang-kacangan,2016-02,1.08,1.03,104.85436893203884,4.854368932038833
Kacang-kacangan,2016-03,1.04,1.03,100.97087378640776,-3.703703703703709
Kacang-kacangan,2016-04,1.22,1.03,118.44660194174756,17.307692307692292
Kacang-kacangan,2016-05,1.2349999999999999,1.03,119.90291262135922,1.2295081967213184
Kacang-kacangan,2016-06,1.33,1.03,129.12621359223303,7.692307692307709
Kacang-kacangan,2016-07,1.35,1.03,131.06796116504856,1.5037593984962294
Kacang-kacangan,2016-08,1.37,1.03,133.0097087378641,1.4814814814814836
Kacang-kacangan,2016-09,1.38,1.03,133.98058252427182,0.7299270072992581
Kacang-kacangan,2016-10,1.2,1.03,116.50485436893203,-13.043478260869556
Kacang-kacangan,2016-11,1.22,1.03,118.44660194174756,1.6666666666666607
Kacang-kacangan,2016-12,1.255,1.03,121.84466019417475,2.868852459016402
Kacang-kacangan,2017-01,1.26,1.03,122.33009708737863,0.3984063745019917
Kacang-kacangan,2017-02,1.25,1.03,121.35922330097087,-0.7936507936507908
Kacang-kacangan,2017-03,1.21,1.03,117.4757281553398,-3.200000000000003
Kacang-kacangan,2017-04,1.21,1.03,117.4757281553398,0.0
Kacang-kacangan,2017-05,1.25,1.03,121.35922330097087,3.3057851239669533
Kacang-kacangan,2017-06,1.19,1.03,115.53398058252426,-4.800000000000004
Kacang-kacangan,2017-07,1.19,1.03,115.53398058252426,0.0
Kacang-kacangan,2017-08,1.13,1.03,109.70873786407766,-5.042016806722693
Kacang-kacangan,2017-09,1.17,1.03,113.59223300970874,3.539823008849563
Kacang-kacangan,2017-10,1.15,1.03,111.6504854368932,-1.7094017094017033
Kacang-kacangan,2017-11,1.13,1.03,109.70873786407766,-1.7391304347826209
Kacang-kacangan,2017-12,1.14,1.03,110.67961165048543,0.8849557522123908
Kacang-kacangan,2018-01,1.13,1.03,109.70873786407766,-0.8771929824561431
Kacang-kacangan,2018-02,1.14,1.03,110.67961165048543,0.8849557522123908
Kacang-kacangan,2018-03,1.14,1.03,110.67961165048543,0.0
Kacang-kacangan,2018-04,1.12,1.03,108.73786407766993,-1.7543859649122528
Kacang-kacangan,2018-05,1.08,1.03,104.85436893203884,-3.571428571428592
Kacang-kacangan,2018-06,1.05,1.03,101.94174757281553,-2.77777777777779
Kacang-kacangan,2018-07,1.1,1.03,106.79611650485437,4.761904761904767
Kacang-kacangan,2018-08,1.07,1.03,103.88349514563106,-2.7272727272727337
Kacang-kacangan,2018-09,1.11,1.03,107.76699029126213,3.738317757009346
Kacang-kacangan,2018-10,1.07,1.03,103.88349514563106,-3.603603603603611
Kacang-kacangan,2018-11,1.03,1.03,100.0,-3.738317757009335
Kacang-kacangan,2018-12,1.19,1.03,115.53398058252426,15.533980582524265
Kacang-kacangan,2019-01,1.07,1.03,103.88349514563106,-10.084033613445376
Kacang-kacangan,2019-02,1.08,1.03,104.85436893203884,0.9345794392523477
Kacang-kacangan,2019-03,1.09,1.03,105.8252427184466,0.92592592592593
Kacang-kacangan,2019-04,1.09,1.03,105.8252427184466,0.0
Kacang-kacangan,2019-05,1.05,1.03,101.94174757281553,-3.669724770642202
Kacang-kacangan,2019-06,1.04,1.03,100.97087378640776,-0.952380952380949
Kacang-kacangan,2019-07,1.04,1.03,100.97087378640776,0.0
Kacang-kacangan,2019-08,1.04,1.03,100.97087378640776,0.0
Kacang-kacangan,2019-09,1.06,1.03,102.9126213592233,1.9230769230769162
Kacang-kacangan,2019-10,1.05,1.03,101.94174757281553,-0.9433962264150941
Kacang-kacangan,2019-11,1.12,1.03,108.73786407766993,6.666666666666687
Kacang-kacangan,2019-12,1.09,1.03,105.8252427184466,-2.6785714285714524
Kacang-kacangan,2020-01,1.16,1.03,112.62135922330097,6.422018348623859
Kacang-kacangan,2020-02,1.15,1.03,111.6504854368932,-0.8620689655172376
Kacang-kacangan,2020-03,1.17,1.03,113.59223300970874,1.7391304347825987
Kacang-kacangan,2020-04,1.17,1.03,113.59223300970874,0.0
Kacang-kacangan,2020-05,1.21,1.03,117.4757281553398,3.4188034188034067
Kacang-kacangan,2020-06,1.16,1.03,112.62135922330097,-4.132231404958664
Kacang-kacangan,2020-07,1.13,1.03,109.70873786407766,-2.586206896551735
Kacang-kacangan,2020-08,1.14,1.03,110.67961165048543,0.8849557522123908
Kacang-kacangan,2020-09,1.13,1.03,109.70873786407766,-0.8771929824561431
Kacang-kacangan,2020-10,1.17,1.03,113.59223300970874,3.539823008849563
Kacang-kacangan,2020-11,1.2,1.03,116.50485436893203,2.564102564102555
Kacang-kacangan,2020-12,1.18,1.03,114.5631067961165,-1.6666666666666607
Kacang-kacangan,2021-01,1.19,1.03,115.53398058252426,0.8474576271186418
Kacang-kacangan,2021-02,1.21,1.03,117.4757281553398,1.680672268907557
Kacang-kacangan,2021-03,1.27,1.03,123.3009708737864,4.958677685950419
Kacang-kacangan,2021-04,1.29,1.03,125.24271844660196,1.5748031496063186
Kacang-kacangan,2021-05,1.24,1.03,120.3883495145631,-3.87596899224808
Kacang-kacangan,2021-06,1.24,1.03,120.3883495145631,0.0
Kacang-kacangan,2021-07,1.2349999999999999,1.03,119.90291262135922,-0.40322580645161255
Kacang-kacangan,2021-08,1.27,1.03,123.3009708737864,2.8340080971659853
Kacang-kacangan,2021-09,1.32,1.03,128.15533980582526,3.9370078740157632
Kacang-kacangan,2021-10,1.31,1.03,127.18446601941748,-0.757575757575768
Kacang-kacangan,2021-11,1.32,1.03,128.15533980582526,0.7633587786259666
Kacang-kacangan,2021-12,1.27,1.03,123.3009708737864,-3.7878787878788067
Kacang-kacangan,2022-01,1.31,1.03,127.18446601941748,3.149606299212615
Kacang-kacangan,2022-02,1.3,1.03,126.21359223300972,-0.7633587786259555
Kacang-kacangan,2022-03,1.31,1.03,127.18446601941748,0.7692307692307665
Kacang-kacangan,2022-04,1.3,1.03,126.21359223300972,-0.7633587786259555
Kacang-kacangan,2022-05,1.29,1.03,125.24271844660196,-0.7692307692307665
Kacang-kacangan,2022-06,1.29,1.03,125.24271844660196,0.0
Kacang-kacangan,2022-07,1.31,1.03,127.18446601941748,1.5503875968992276
Kacang-kacangan,2022-08,1.32,1.03,128.15533980582526,0.7633587786259666
Kacang-kacangan,2022-09,1.31,1.03,127.18446601941748,-0.757575757575768
Kacang-kacangan,2022-10,1.27,1.03,123.3009708737864,-3.053435114503833
Kacang-kacangan,2022-11,1.29,1.03,125.24271844660196,1.5748031496063186
Kacang-kacangan,2022-12,1.3,1.03,126.21359223300972,0.7751937984496138
Kacang-kacangan,2023-01,1.35,1.03,131.06796116504856,3.8461538461538547
Kacang-kacangan,2023-02,1.35,1.03,131.06796116504856,0.0
Kacang-kacangan,2023-03,1.4,1.03,135.92233009708735,3.7037037037036757
Kacang-kacangan,2023-04,1.4,1.03,135.92233009708735,0.0
Kacang-kacangan,2023-05,1.36,1.03,132.03883495145632,-2.857142857142825
Kacang-kacangan,2023-06,1.43,1.03,138.83495145631065,5.147058823529371
Kacang-kacangan,2023-07,1.46,1.03,141.74757281553397,2.0979020979021046
Kacang-kacangan,2023-08,1.42,1.03,137.86407766990288,-2.7397260273972712
Kacang-kacangan,2023-09,1.42,1.03,137.86407766990288,0.0
Kacang-kacangan,2023-10,1.41,1.03,136.89320388349512,-0.7042253521126751
Kacang-kacangan,2023-11,1.35,1.03,131.06796116504856,-4.2553191489361435
Kacang-kacangan,2023-12,1.38,1.03,133.98058252427182,2.222222222222192
Kacang-kacangan,2024-01,1.45,1.03,140.7766990291262,5.072463768115942
Kacang-kacangan,2024-02,1.43,1.03,138.83495145631065,-1.3793103448276
Kacang-kacangan,2024-03,1.375,1.03,133.49514563106797,-3.8461538461538214
Kacang-kacangan,2024-04,1.35,1.03,131.06796116504856,-1.8181818181818188
Kacang-kacangan,2024-05,1.47,1.03,142.71844660194176,8.888888888888879
Kacang-kacangan,2024-06,1.44,1.03,139.80582524271844,-2.0408163265306256
Kacang-kacangan,2024-07,1.44,1.03,139.80582524271844,0.0
Kacang-kacangan,2024-08,1.48,1.03,143.68932038834953,2.77777777777779
Kacang-kacangan,2024-09,1.52,1.03,147.5728155339806,2.7027027027026973
Kacang-kacangan,2024-10,1.51,1.03,146.60194174757282,-0.6578947368421018
Kacang-kacangan,2024-11,1.46,1.03,141.74757281553397,-3.3112582781457123
Kacang-kacangan,2024-12,1.44,1.03,139.80582524271844,-1.3698630136986245
Kacang-kacangan,2025-01,1.45,1.03,140.7766990291262,0.694444444444442
Kacang-kacangan,2025-02,1.5,1.03,145.63106796116506,3.4482758620689724
Kacang-kacangan,2025-03,1.46,1.03,141.74757281553397,-2.666666666666684
Kacang-kacangan,2025-04,1.45,1.03,140.7766990291262,-0.6849315068493178
Kacang-kacangan,2025-05,1.45,1.03,140.7766990291262,0.0
Kacang-kacangan,2025-06,1.41,1.03,136.89320388349512,-2.758620689655189
Kacang-kacangan,2025-07,1.44,1.03,139.80582524271844,2.1276595744680993
Kacang-kacangan,2025-08,1.46,1.03,141.74757281553397,1.388888888888884
Kacang-kacangan,2025-09,1.47,1.03,142.71844660194176,0.68493150684934
Kacang-kacangan,2025-10,1.44,1.03,139.80582524271844,-2.0408163265306256
Kacang-kacangan,2025-11,1.6187500000000004,1.03,157.1601941747573,12.413194444444464
Kacang-kacangan,2025-12,1.645,1.03,159.70873786407768,1.6216216216216273
Kacang-kacangan,2026-01,1.84,1.03,178.64077669902915,11.854103343465061
Kacang-kacangan,2026-02,1.73,1.03,167.96116504854368,-5.978260869565233
Kacang-kacangan,2026-03,1.95,1.03,189.32038834951456,12.71676300578035
Minyak & Lemak,2016-01,1.5750000000000002,1.5750000000000002,100.0,
Minyak & Lemak,2016-02,1.5,1.5750000000000002,95.23809523809523,-4.761904761904779
Minyak & Lemak,2016-03,1.56,1.5750000000000002,99.04761904761904,4.0000000000000036
Minyak & Lemak,2016-04,1.5,1.5750000000000002,95.23809523809523,-3.8461538461538436
Minyak & Lemak,2016-05,1.5061111111111112,1.5750000000000002,95.62610229276896,0.4074074074074119
Minyak & Lemak,2016-06,1.5950000000000002,1.5750000000000002,101.26984126984127,5.9018812246403485
Minyak & Lemak,2016-07,1.4,1.5750000000000002,88.88888888888887,-12.225705329153612
Minyak & Lemak,2016-08,1.39,1.5750000000000002,88.25396825396824,-0.7142857142857117
Minyak & Lemak,2016-09,1.335,1.5750000000000002,84.76190476190474,-3.9568345323740983
Minyak & Lemak,2016-10,1.37,1.5750000000000002,86.98412698412699,2.621722846441976
Minyak & Lemak,2016-11,1.35,1.5750000000000002,85.71428571428571,-1.4598540145985495
Minyak & Lemak,2016-12,1.4,1.5750000000000002,88.88888888888887,3.703703703703698
Minyak & Lemak,2017-01,1.5,1.5750000000000002,95.23809523809523,7.142857142857162
Minyak & Lemak,2017-02,1.55,1.5750000000000002,98.4126984126984,3.3333333333333437
Minyak & Lemak,2017-03,1.47,1.5750000000000002,93.33333333333333,-5.161290322580648
Minyak & Lemak,2017-04,1.55,1.5750000000000002,98.4126984126984,5.442176870748305
Minyak & Lemak,2017-05,1.5550000000000002,1.5750000000000002,98.73015873015873,0.3225806451613078
Minyak & Lemak,2017-06,1.55,1.5750000000000002,98.4126984126984,-0.3215434083601365
Minyak & Lemak,2017-07,1.57,1.5750000000000002,99.68253968253967,1.2903225806451646
Minyak & Lemak,2017-08,1.57,1.5750000000000002,99.68253968253967,0.0
Minyak & Lemak,2017-09,1.57,1.5750000000000002,99.68253968253967,0.0
Minyak & Lemak,2017-10,1.545,1.5750000000000002,98.09523809523807,-1.5923566878981
Minyak & Lemak,2017-11,1.59,1.5750000000000002,100.95238095238095,2.912621359223322
Minyak & Lemak,2017-12,1.58,1.5750000000000002,100.31746031746032,-0.6289308176100628
Minyak & Lemak,2018-01,1.64,1.5750000000000002,104.12698412698411,3.7974683544303556
Minyak & Lemak,2018-02,1.57,1.5750000000000002,99.68253968253967,-4.268292682926833
Minyak & Lemak,2018-03,1.55,1.5750000000000002,98.4126984126984,-1.273885350318471
Minyak & Lemak,2018-04,1.56,1.5750000000000002,99.04761904761904,0.6451612903225712
Minyak & Lemak,2018-05,1.59,1.5750000000000002,100.95238095238095,1.9230769230769384
Minyak & Lemak,2018-06,1.61,1.5750000000000002,102.22222222222221,1.2578616352201255
Minyak & Lemak,2018-07,1.66,1.5750000000000002,105.39682539682538,3.105590062111796
Minyak & Lemak,2018-08,1.55,1.5750000000000002,98.4126984126984,-6.626506024096379
Minyak & Lemak,2018-09,1.53,1.5750000000000002,97.14285714285712,-1.2903225806451757
Minyak & Lemak,2018-10,1.4649999999999999,1.5750000000000002,93.015873015873,-4.248366013071891
Minyak & Lemak,2018-11,1.45,1.5750000000000002,92.06349206349205,-1.0238907849829282
Minyak & Lemak,2018-12,1.567,1.5750000000000002,99.49206349206348,8.068965517241388
Minyak & Lemak,2019-01,1.46,1.5750000000000002,92.6984126984127,-6.828334396936809
Minyak & Lemak,2019-02,1.53,1.5750000000000002,97.14285714285712,4.79452054794518
Minyak & Lemak,2019-03,1.545,1.5750000000000002,98.09523809523807,0.9803921568627416
Minyak & Lemak,2019-04,1.51,1.5750000000000002,95.87301587301586,-2.265372168284785
Minyak & Lemak,2019-05,1.6,1.5750000000000002,101.58730158730158,5.96026490066226
Minyak & Lemak,2019-06,1.53,1.5750000000000002,97.14285714285712,-4.375000000000018
Minyak & Lemak,2019-07,1.53,1.5750000000000002,97.14285714285712,0.0
Minyak & Lemak,2019-08,1.49,1.5750000000000002,94.6031746031746,-2.614379084967311
Minyak & Lemak,2019-09,1.48,1.5750000000000002,93.96825396825396,-0.6711409395973145
Minyak & Lemak,2019-10,1.54,1.5750000000000002,97.77777777777776,4.054054054054035
Minyak & Lemak,2019-11,1.55,1.5750000000000002,98.4126984126984,0.6493506493506551
Minyak & Lemak,2019-12,1.59,1.5750000000000002,100.95238095238095,2.580645161290329
Minyak & Lemak,2020-01,1.54,1.5750000000000002,97.77777777777776,-3.144654088050336
Minyak & Lemak,2020-02,1.54,1.5750000000000002,97.77777777777776,0.0
Minyak & Lemak,2020-03,1.55,1.5750000000000002,98.4126984126984,0.6493506493506551
Minyak & Lemak,2020-04,1.5,1.5750000000000002,95.23809523809523,-3.2258064516129115
Minyak & Lemak,2020-05,1.45,1.5750000000000002,92.06349206349205,-3.3333333333333326
Minyak & Lemak,2020-06,1.44,1.5750000000000002,91.42857142857142,-0.6896551724137945
Minyak & Lemak,2020-07,1.4,1.5750000000000002,88.88888888888887,-2.777777777777779
Minyak & Lemak,2020-08,1.43,1.5750000000000002,90.79365079365078,2.1428571428571574
Minyak & Lemak,2020-09,1.44,1.5750000000000002,91.42857142857142,0.6993006993006867
Minyak & Lemak,2020-10,1.48,1.5750000000000002,93.96825396825396,2.77777777777779
Minyak & Lemak,2020-11,1.49,1.5750000000000002,94.6031746031746,0.6756756756756799
Minyak & Lemak,2020-12,1.59,1.5750000000000002,100.95238095238095,6.711409395973167
Minyak & Lemak,2021-01,1.66,1.5750000000000002,105.39682539682538,4.402515723270417
Minyak & Lemak,2021-02,1.73,1.5750000000000002,109.84126984126983,4.216867469879526
Minyak & Lemak,2021-03,1.83,1.5750000000000002,116.19047619047618,5.780346820809235
Minyak & Lemak,2021-04,1.9,1.5750000000000002,120.6349206349206,3.82513661202184
Minyak & Lemak,2021-05,1.96,1.5750000000000002,124.44444444444443,3.157894736842115
Minyak & Lemak,2021-06,2.0,1.5750000000000002,126.98412698412697,2.0408163265306145
Minyak & Lemak,2021-07,2.0,1.5750000000000002,126.98412698412697,0.0
Minyak & Lemak,2021-08,2.02,1.5750000000000002,128.25396825396825,1.0000000000000009
Minyak & Lemak,2021-09,2.06,1.5750000000000002,130.79365079365078,1.980198019801982
Minyak & Lemak,2021-10,2.065,1.5750000000000002,131.1111111111111,0.24271844660193054
Minyak & Lemak,2021-11,2.025,1.5750000000000002,128.57142857142856,-1.937046004842613
Minyak & Lemak,2021-12,2.01,1.5750000000000002,127.61904761904759,-0.7407407407407529
Minyak & Lemak,2022-01,2.06,1.5750000000000002,130.79365079365078,2.4875621890547484
Minyak & Lemak,2022-02,2.08,1.5750000000000002,132.06349206349205,0.9708737864077666
Minyak & Lemak,2022-03,2.2,1.5750000000000002,139.68253968253967,5.769230769230771
Minyak & Lemak,2022-04,2.27,1.5750000000000002,144.1269841269841,3.1818181818181746
Minyak & Lemak,2022-05,2.33,1.5750000000000002,147.93650793650792,2.6431718061674214
Minyak & Lemak,2022-06,2.33,1.5750000000000002,147.93650793650792,0.0
Minyak & Lemak,2022-07,2.24,1.5750000000000002,142.22222222222223,-3.862660944205998
Minyak & Lemak,2022-08,2.25,1.5750000000000002,142.85714285714283,0.44642857142855874
Minyak & Lemak,2022-09,2.23,1.5750000000000002,141.58730158730157,-0.8888888888888835
Minyak & Lemak,2022-10,2.12,1.5750000000000002,134.60317460317458,-4.932735426008971
Minyak & Lemak,2022-11,2.11,1.5750000000000002,133.96825396825395,-0.4716981132075415
Minyak & Lemak,2022-12,2.08,1.5750000000000002,132.06349206349205,-1.421800947867291
Minyak & Lemak,2023-01,2.06,1.5750000000000002,130.79365079365078,-0.9615384615384581
Minyak & Lemak,2023-02,2.08,1.5750000000000002,132.06349206349205,0.9708737864077666
Minyak & Lemak,2023-03,2.03,1.5750000000000002,128.88888888888886,-2.4038461538461675
Minyak & Lemak,2023-04,2.01,1.5750000000000002,127.61904761904759,-0.9852216748768461
Minyak & Lemak,2023-05,1.93,1.5750000000000002,122.53968253968253,-3.980099502487544
Minyak & Lemak,2023-06,1.93,1.5750000000000002,122.53968253968253,0.0
Minyak & Lemak,2023-07,1.89,1.5750000000000002,119.99999999999997,-2.0725388601036454
Minyak & Lemak,2023-08,1.975,1.5750000000000002,125.39682539682539,4.497354497354511
Minyak & Lemak,2023-09,1.98,1.5750000000000002,125.7142857142857,0.25316455696200446
Minyak & Lemak,2023-10,1.94,1.5750000000000002,123.17460317460316,-2.020202020202011
Minyak & Lemak,2023-11,1.88,1.5750000000000002,119.36507936507934,-3.0927835051546504
Minyak & Lemak,2023-12,1.9,1.5750000000000002,120.6349206349206,1.0638297872340496
Minyak & Lemak,2024-01,1.92,1.5750000000000002,121.9047619047619,1.052631578947394
Minyak & Lemak,2024-02,1.95,1.5750000000000002,123.8095238095238,1.5625
Minyak & Lemak,2024-03,1.92,1.5750000000000002,121.9047619047619,-1.538461538461533
Minyak & Lemak,2024-04,1.91,1.5750000000000002,121.26984126984127,-0.520833333333337
Minyak & Lemak,2024-05,1.92,1.5750000000000002,121.9047619047619,0.5235602094240788
Minyak & Lemak,2024-06,1.85,1.5750000000000002,117.46031746031744,-3.645833333333348
Minyak & Lemak,2024-07,1.88,1.5750000000000002,119.36507936507934,1.621621621621605
Minyak & Lemak,2024-08,1.87,1.5750000000000002,118.73015873015873,-0.5319148936169915
Minyak & Lemak,2024-09,1.87,1.5750000000000002,118.73015873015873,0.0
Minyak & Lemak,2024-10,1.91,1.5750000000000002,121.26984126984127,2.1390374331550666
Minyak & Lemak,2024-11,1.91,1.5750000000000002,121.26984126984127,0.0
Minyak & Lemak,2024-12,1.98,1.5750000000000002,125.7142857142857,3.6649214659685736
Minyak & Lemak,2025-01,1.84,1.5750000000000002,116.82539682539681,-7.070707070707072
Minyak & Lemak,2025-02,1.9,1.5750000000000002,120.6349206349206,3.2608695652173836
Minyak & Lemak,2025-03,2.0,1.5750000000000002,126.98412698412697,5.2631578947368585
Minyak & Lemak,2025-04,2.0,1.5750000000000002,126.98412698412697,0.0
Minyak & Lemak,2025-05,2.01,1.5750000000000002,127.61904761904759,0.49999999999998934
Minyak & Lemak,2025-06,2.03,1.5750000000000002,128.88888888888886,0.995024875621886
Minyak & Lemak,2025-07,2.04,1.5750000000000002,129.52380952380952,0.49261083743843415
Minyak & Lemak,2025-08,2.0,1.5750000000000002,126.98412698412697,-1.9607843137254943
Minyak & Lemak,2025-09,2.0,1.5750000000000002,126.98412698412697,0.0
Minyak & Lemak,2025-10,1.99,1.5750000000000002,126.34920634920634,-0.5000000000000004
Minyak & Lemak,2025-11,2.1,1.5750000000000002,133.33333333333331,5.5276381909547645
Minyak & Lemak,2025-12,2.08,1.5750000000000002,132.06349206349205,-0.952380952380949
Minyak & Lemak,2026-01,2.51,1.5750000000000002,159.36507936507934,20.673076923076916
Minyak & Lemak,2026-02,2.29,1.5750000000000002,145.3968253968254,-8.764940239043817
Minyak & Lemak,2026-03,1.92,1.5750000000000002,121.9047619047619,-16.157205240174676
Pangan Lainnya,2016-01,0.71,0.71,100.0,
Pangan Lainnya,2016-02,0.705,0.71,99.29577464788733,-0.7042253521126751
Pangan Lainnya,2016-03,0.69,0.71,97.18309859154928,-2.1276595744680993
Pangan Lainnya,2016-04,0.75,0.71,105.63380281690142,8.695652173913082
Pangan Lainnya,2016-05,0.73,0.71,102.8169014084507,-2.666666666666684
Pangan Lainnya,2016-06,0.81,0.71,114.08450704225352,10.95890410958904
Pangan Lainnya,2016-07,0.91,0.71,128.16901408450704,12.345679012345666
Pangan Lainnya,2016-08,0.93,0.71,130.98591549295776,2.197802197802212
Pangan Lainnya,2016-09,0.96,0.71,135.2112676056338,3.225806451612878
Pangan Lainnya,2016-10,0.91,0.71,128.16901408450704,-5.208333333333326
Pangan Lainnya,2016-11,0.88,0.71,123.943661971831,-3.296703296703285
Pangan Lainnya,2016-12,0.87,0.71,122.53521126760565,-1.1363636363636465
Pangan Lainnya,2017-01,0.79,0.71,111.26760563380283,-9.195402298850574
Pangan Lainnya,2017-02,0.805,0.71,113.38028169014085,1.8987341772151778
Pangan Lainnya,2017-03,0.92,0.71,129.5774647887324,14.285714285714302
Pangan Lainnya,2017-04,0.78,0.71,109.85915492957747,-15.217391304347839
Pangan Lainnya,2017-05,0.78,0.71,109.85915492957747,0.0
Pangan Lainnya,2017-06,0.73,0.71,102.8169014084507,-6.410256410256421
Pangan Lainnya,2017-07,0.8,0.71,112.67605633802818,9.589041095890426
Pangan Lainnya,2017-08,0.78,0.71,109.85915492957747,-2.500000000000002
Pangan Lainnya,2017-09,0.78,0.71,109.85915492957747,0.0
Pangan Lainnya,2017-10,0.76,0.71,107.04225352112677,-2.564102564102566
Pangan Lainnya,2017-11,0.785,0.71,110.56338028169014,3.289473684210531
Pangan Lainnya,2017-12,0.755,0.71,106.3380281690141,-3.821656050955402
Pangan Lainnya,2018-01,0.8,0.71,112.67605633802818,5.960264900662238
Pangan Lainnya,2018-02,0.75,0.71,105.63380281690142,-6.249999999999989
Pangan Lainnya,2018-03,0.75,0.71,105.63380281690142,0.0
Pangan Lainnya,2018-04,0.78,0.71,109.85915492957747,4.0000000000000036
Pangan Lainnya,2018-05,0.75,0.71,105.63380281690142,-3.8461538461538436
Pangan Lainnya,2018-06,0.75,0.71,105.63380281690142,0.0
Pangan Lainnya,2018-07,0.73,0.71,102.8169014084507,-2.666666666666684
Pangan Lainnya,2018-08,0.72,0.71,101.40845070422534,-1.3698630136986356
Pangan Lainnya,2018-09,0.74,0.71,104.22535211267605,2.777777777777768
Pangan Lainnya,2018-10,0.73,0.71,102.8169014084507,-1.3513513513513487
Pangan Lainnya,2018-11,0.68,0.71,95.77464788732397,-6.849315068493134
Pangan Lainnya,2018-12,0.72,0.71,101.40845070422534,5.88235294117645
Pangan Lainnya,2019-01,0.685,0.71,96.47887323943664,-4.861111111111082
Pangan Lainnya,2019-02,0.82,0.71,115.49295774647888,19.70802919708028
Pangan Lainnya,2019-03,0.79,0.71,111.26760563380283,-3.658536585365846
Pangan Lainnya,2019-04,0.87,0.71,122.53521126760565,10.126582278481
Pangan Lainnya,2019-05,0.81,0.71,114.08450704225352,-6.896551724137945
Pangan Lainnya,2019-06,0.78,0.71,109.85915492957747,-3.703703703703698
Pangan Lainnya,2019-07,0.7075,0.71,99.64788732394368,-9.294871794871785
Pangan Lainnya,2019-08,0.68,0.71,95.77464788732397,-3.886925795052998
Pangan Lainnya,2019-09,0.69,0.71,97.18309859154928,1.4705882352940902
Pangan Lainnya,2019-10,0.74,0.71,104.22535211267605,7.246376811594213
Pangan Lainnya,2019-11,0.78,0.71,109.85915492957747,5.405405405405417
Pangan Lainnya,2019-12,0.765,0.71,107.74647887323945,-1.9230769230769162
Pangan Lainnya,2020-01,0.72,0.71,101.40845070422534,-5.882352941176494
Pangan Lainnya,2020-02,0.66,0.71,92.95774647887325,-8.333333333333314
Pangan Lainnya,2020-03,0.69,0.71,97.18309859154928,4.545454545454519
Pangan Lainnya,2020-04,0.71,0.71,100.0,2.898550724637694
Pangan Lainnya,2020-05,0.685,0.71,96.47887323943664,-3.5211267605633645
Pangan Lainnya,2020-06,0.71,0.71,100.0,3.649635036496335
Pangan Lainnya,2020-07,0.72,0.71,101.40845070422534,1.4084507042253502
Pangan Lainnya,2020-08,0.75,0.71,105.63380281690142,4.166666666666696
Pangan Lainnya,2020-09,0.72,0.71,101.40845070422534,-4.000000000000014
Pangan Lainnya,2020-10,0.75,0.71,105.63380281690142,4.166666666666696
Pangan Lainnya,2020-11,0.76,0.71,107.04225352112677,1.3333333333333197
Pangan Lainnya,2020-12,0.73,0.71,102.8169014084507,-3.9473684210526327
Pangan Lainnya,2021-01,0.68,0.71,95.77464788732397,-6.849315068493134
Pangan Lainnya,2021-02,0.69,0.71,97.18309859154928,1.4705882352940902
Pangan Lainnya,2021-03,0.72,0.71,101.40845070422534,4.347826086956519
Pangan Lainnya,2021-04,0.76,0.71,107.04225352112677,5.55555555555558
Pangan Lainnya,2021-05,0.69,0.71,97.18309859154928,-9.21052631578949
Pangan Lainnya,2021-06,0.725,0.71,102.11267605633803,5.0724637681159646
Pangan Lainnya,2021-07,0.74,0.71,104.22535211267605,2.0689655172413612
Pangan Lainnya,2021-08,0.73,0.71,102.8169014084507,-1.3513513513513487
Pangan Lainnya,2021-09,0.74,0.71,104.22535211267605,1.3698630136986134
Pangan Lainnya,2021-10,0.7,0.71,98.59154929577466,-5.405405405405395
Pangan Lainnya,2021-11,0.77,0.71,108.45070422535213,10.000000000000009
Pangan Lainnya,2021-12,0.72,0.71,101.40845070422534,-6.493506493506507
Pangan Lainnya,2022-01,0.73,0.71,102.8169014084507,1.3888888888889062
Pangan Lainnya,2022-02,0.77,0.71,108.45070422535213,5.4794520547945424
Pangan Lainnya,2022-03,0.76,0.71,107.04225352112677,-1.2987012987013102
Pangan Lainnya,2022-04,0.84,0.71,118.30985915492957,10.526315789473673
Pangan Lainnya,2022-05,0.8,0.71,112.67605633802818,-4.761904761904745
Pangan Lainnya,2022-06,0.83,0.71,116.90140845070422,3.7499999999999867
Pangan Lainnya,2022-07,0.79,0.71,111.26760563380283,-4.819277108433717
Pangan Lainnya,2022-08,0.8,0.71,112.67605633802818,1.2658227848101111
Pangan Lainnya,2022-09,0.78,0.71,109.85915492957747,-2.500000000000002
Pangan Lainnya,2022-10,0.78,0.71,109.85915492957747,0.0
Pangan Lainnya,2022-11,0.79,0.71,111.26760563380283,1.2820512820512775
Pangan Lainnya,2022-12,0.79,0.71,111.26760563380283,0.0
Pangan Lainnya,2023-01,0.73,0.71,102.8169014084507,-7.594936708860766
Pangan Lainnya,2023-02,0.73,0.71,102.8169014084507,0.0
Pangan Lainnya,2023-03,0.7,0.71,98.59154929577466,-4.109589041095885
Pangan Lainnya,2023-04,0.73,0.71,102.8169014084507,4.2857142857142705
Pangan Lainnya,2023-05,0.69,0.71,97.18309859154928,-5.479452054794532
Pangan Lainnya,2023-06,0.7455555555555557,0.71,105.00782472613461,8.051529790660261
Pangan Lainnya,2023-07,0.76,0.71,107.04225352112677,1.9374068554396162
Pangan Lainnya,2023-08,0.94,0.71,132.3943661971831,23.684210526315795
Pangan Lainnya,2023-09,0.96,0.71,135.2112676056338,2.127659574468077
Pangan Lainnya,2023-10,0.97,0.71,136.61971830985914,1.0416666666666519
Pangan Lainnya,2023-11,1.01,0.71,142.25352112676057,4.123711340206215
Pangan Lainnya,2023-12,1.01,0.71,142.25352112676057,0.0
Pangan Lainnya,2024-01,1.01,0.71,142.25352112676057,0.0
Pangan Lainnya,2024-02,0.95,0.71,133.80281690140845,-5.940594059405946
Pangan Lainnya,2024-03,0.93,0.71,130.98591549295776,-2.105263157894721
Pangan Lainnya,2024-04,0.97,0.71,136.61971830985914,4.301075268817178
Pangan Lainnya,2024-05,0.99,0.71,139.43661971830988,2.06185567010313
Pangan Lainnya,2024-06,0.955,0.71,134.50704225352112,-3.535353535353558
Pangan Lainnya,2024-07,0.93,0.71,130.98591549295776,-2.617801047120405
Pangan Lainnya,2024-08,0.95,0.71,133.80281690140845,2.1505376344086002
Pangan Lainnya,2024-09,0.94,0.71,132.3943661971831,-1.0526315789473606
Pangan Lainnya,2024-10,0.98,0.71,138.0281690140845,4.255319148936176
Pangan Lainnya,2024-11,0.95,0.71,133.80281690140845,-3.0612244897959218
Pangan Lainnya,2024-12,0.92,0.71,129.5774647887324,-3.157894736842093
Pangan Lainnya,2025-01,0.93,0.71,130.98591549295776,1.0869565217391353
Pangan Lainnya,2025-02,0.84,0.71,118.30985915492957,-9.677419354838722
Pangan Lainnya,2025-03,0.94,0.71,132.3943661971831,11.904761904761907
Pangan Lainnya,2025-04,0.92,0.71,129.5774647887324,-2.127659574468077
Pangan Lainnya,2025-05,0.92,0.71,129.5774647887324,0.0
Pangan Lainnya,2025-06,0.91,0.71,128.16901408450704,-1.0869565217391464
Pangan Lainnya,2025-07,0.88,0.71,123.943661971831,-3.296703296703285
Pangan Lainnya,2025-08,0.87,0.71,122.53521126760565,-1.1363636363636465
Pangan Lainnya,2025-09,0.88,0.71,123.943661971831,1.1494252873563315
Pangan Lainnya,2025-10,0.88,0.71,123.943661971831,0.0
Pangan Lainnya,2025-11,0.88,0.71,123.943661971831,0.0
Pangan Lainnya,2025-12,0.83,0.71,116.90140845070422,-5.681818181818199
Pangan Lainnya,2026-01,0.83,0.71,116.90140845070422,0.0
Pangan Lainnya,2026-02,0.87,0.71,122.53521126760565,4.8192771084337505
Pangan Lainnya,2026-03,1.11375,0.71,156.8661971830986,28.01724137931034
Sayuran & Buah,2016-01,0.6,0.6,100.0,
Sayuran & Buah,2016-02,0.55,0.6,91.66666666666667,-8.333333333333325
Sayuran & Buah,2016-03,0.52,0.6,86.66666666666667,-5.454545454545457
Sayuran & Buah,2016-04,0.5,0.6,83.33333333333334,-3.8461538461538436
Sayuran & Buah,2016-05,0.56,0.6,93.33333333333334,11.99999999999999
Sayuran & Buah,2016-06,0.58,0.6,96.66666666666667,3.5714285714285587
Sayuran & Buah,2016-07,0.8,0.6,133.33333333333334,37.93103448275863
Sayuran & Buah,2016-08,0.74,0.6,123.33333333333334,-7.499999999999996
Sayuran & Buah,2016-09,0.7,0.6,116.66666666666667,-5.405405405405405
Sayuran & Buah,2016-10,0.63,0.6,105.0,-10.000000000000009
Sayuran & Buah,2016-11,0.66,0.6,110.00000000000001,4.761904761904767
Sayuran & Buah,2016-12,0.66,0.6,110.00000000000001,0.0
Sayuran & Buah,2017-01,0.59,0.6,98.33333333333333,-10.60606060606062
Sayuran & Buah,2017-02,0.585,0.6,97.5,-0.8474576271186418
Sayuran & Buah,2017-03,0.74,0.6,123.33333333333334,26.49572649572651
Sayuran & Buah,2017-04,0.6,0.6,100.0,-18.918918918918926
Sayuran & Buah,2017-05,0.64,0.6,106.66666666666667,6.666666666666665
Sayuran & Buah,2017-06,0.58,0.6,96.66666666666667,-9.375
Sayuran & Buah,2017-07,0.62,0.6,103.33333333333334,6.896551724137945
Sayuran & Buah,2017-08,0.68,0.6,113.33333333333336,9.677419354838722
Sayuran & Buah,2017-09,0.62,0.6,103.33333333333334,-8.823529411764719
Sayuran & Buah,2017-10,0.65,0.6,108.33333333333334,4.8387096774193505
Sayuran & Buah,2017-11,0.66,0.6,110.00000000000001,1.538461538461533
Sayuran & Buah,2017-12,0.64,0.6,106.66666666666667,-3.0303030303030387
Sayuran & Buah,2018-01,0.65,0.6,108.33333333333334,1.5625
Sayuran & Buah,2018-02,0.65,0.6,108.33333333333334,0.0
Sayuran & Buah,2018-03,0.65,0.6,108.33333333333334,0.0
Sayuran & Buah,2018-04,0.68,0.6,113.33333333333336,4.615384615384621
Sayuran & Buah,2018-05,0.66,0.6,110.00000000000001,-2.941176470588247
Sayuran & Buah,2018-06,0.68,0.6,113.33333333333336,3.0303030303030276
Sayuran & Buah,2018-07,0.66,0.6,110.00000000000001,-2.941176470588247
Sayuran & Buah,2018-08,0.6125,0.6,102.08333333333334,-7.196969696969702
Sayuran & Buah,2018-09,0.65,0.6,108.33333333333334,6.1224489795918435
Sayuran & Buah,2018-10,0.565,0.6,94.16666666666667,-13.076923076923075
Sayuran & Buah,2018-11,0.6,0.6,100.0,6.194690265486713
Sayuran & Buah,2018-12,0.63,0.6,105.0,5.000000000000004
Sayuran & Buah,2019-01,0.62,0.6,103.33333333333334,-1.5873015873015817
Sayuran & Buah,2019-02,0.6533333333333333,0.6,108.8888888888889,5.376344086021501
Sayuran & Buah,2019-03,0.65,0.6,108.33333333333334,-0.5102040816326592
Sayuran & Buah,2019-04,0.68,0.6,113.33333333333336,4.615384615384621
Sayuran & Buah,2019-05,0.71,0.6,118.33333333333333,4.411764705882337
Sayuran & Buah,2019-06,0.66,0.6,110.00000000000001,-7.0422535211267405
Sayuran & Buah,2019-07,0.55,0.6,91.66666666666667,-16.666666666666675
Sayuran & Buah,2019-08,0.53,0.6,88.33333333333334,-3.6363636363636265
Sayuran & Buah,2019-09,0.57,0.6,95.0,7.547169811320753
Sayuran & Buah,2019-10,0.59,0.6,98.33333333333333,3.50877192982455
Sayuran & Buah,2019-11,0.58,0.6,96.66666666666667,-1.6949152542372836
Sayuran & Buah,2019-12,0.63,0.6,105.0,8.620689655172399
Sayuran & Buah,2020-01,0.79,0.6,131.66666666666669,25.396825396825417
Sayuran & Buah,2020-02,0.8,0.6,133.33333333333334,1.2658227848101111
Sayuran & Buah,2020-03,0.81,0.6,135.0,1.2499999999999956
Sayuran & Buah,2020-04,0.855,0.6,142.5,5.555555555555558
Sayuran & Buah,2020-05,0.98,0.6,163.33333333333334,14.619883040935688
Sayuran & Buah,2020-06,0.88,0.6,146.66666666666669,-10.20408163265305
Sayuran & Buah,2020-07,0.86,0.6,143.33333333333334,-2.272727272727282
Sayuran & Buah,2020-08,0.85,0.6,141.66666666666669,-1.1627906976744096
Sayuran & Buah,2020-09,0.88,0.6,146.66666666666669,3.529411764705892
Sayuran & Buah,2020-10,0.89,0.6,148.33333333333334,1.1363636363636243
Sayuran & Buah,2020-11,0.85,0.6,141.66666666666669,-4.494382022471899
Sayuran & Buah,2020-12,0.91,0.6,151.66666666666669,7.058823529411762
Sayuran & Buah,2021-01,0.83,0.6,138.33333333333334,-8.791208791208794
Sayuran & Buah,2021-02,0.86,0.6,143.33333333333334,3.6144578313253017
Sayuran & Buah,2021-03,0.8,0.6,133.33333333333334,-6.976744186046513
Sayuran & Buah,2021-04,0.86,0.6,143.33333333333334,7.499999999999996
Sayuran & Buah,2021-05,0.77,0.6,128.33333333333334,-10.465116279069765
Sayuran & Buah,2021-06,0.83,0.6,138.33333333333334,7.792207792207795
Sayuran & Buah,2021-07,0.84,0.6,140.0,1.2048192771084265
Sayuran & Buah,2021-08,0.82,0.6,136.66666666666666,-2.3809523809523836
Sayuran & Buah,2021-09,0.79,0.6,131.66666666666669,-3.6585365853658347
Sayuran & Buah,2021-10,0.8,0.6,133.33333333333334,1.2658227848101111
Sayuran & Buah,2021-11,0.85,0.6,141.66666666666669,6.25
Sayuran & Buah,2021-12,0.84,0.6,140.0,-1.1764705882353121
Sayuran & Buah,2022-01,0.81,0.6,135.0,-3.57142857142857
Sayuran & Buah,2022-02,0.85,0.6,141.66666666666669,4.9382716049382935
Sayuran & Buah,2022-03,0.91,0.6,151.66666666666669,7.058823529411762
Sayuran & Buah,2022-04,0.91,0.6,151.66666666666669,0.0
Sayuran & Buah,2022-05,0.9,0.6,150.0,-1.098901098901106
Sayuran & Buah,2022-06,0.92,0.6,153.33333333333334,2.2222222222222365
Sayuran & Buah,2022-07,0.9,0.6,150.0,-2.1739130434782705
Sayuran & Buah,2022-08,0.84,0.6,140.0,-6.666666666666665
Sayuran & Buah,2022-09,0.8,0.6,133.33333333333334,-4.761904761904756
Sayuran & Buah,2022-10,0.85,0.6,141.66666666666669,6.25
Sayuran & Buah,2022-11,0.865,0.6,144.16666666666666,1.7647058823529127
Sayuran & Buah,2022-12,0.89,0.6,148.33333333333334,2.8901734104046284
Sayuran & Buah,2023-01,0.95,0.6,158.33333333333331,6.741573033707837
Sayuran & Buah,2023-02,0.96,0.6,160.0,1.0526315789473717
Sayuran & Buah,2023-03,0.97,0.6,161.66666666666666,1.0416666666666519
Sayuran & Buah,2023-04,0.99,0.6,165.0,2.0618556701031077
Sayuran & Buah,2023-05,0.88,0.6,146.66666666666669,-11.111111111111105
Sayuran & Buah,2023-06,0.92,0.6,153.33333333333334,4.545454545454541
Sayuran & Buah,2023-07,0.96,0.6,160.0,4.347826086956519
Sayuran & Buah,2023-08,0.9,0.6,150.0,-6.25
Sayuran & Buah,2023-09,0.87,0.6,145.0,-3.3333333333333326
Sayuran & Buah,2023-10,0.85,0.6,141.66666666666669,-2.2988505747126298
Sayuran & Buah,2023-11,0.89,0.6,148.33333333333334,4.70588235294116
Sayuran & Buah,2023-12,0.93,0.6,155.0,4.494382022471899
Sayuran & Buah,2024-01,0.93,0.6,155.0,0.0
Sayuran & Buah,2024-02,0.84,0.6,140.0,-9.677419354838712
Sayuran & Buah,2024-03,0.88,0.6,146.66666666666669,4.761904761904767
Sayuran & Buah,2024-04,0.89,0.6,148.33333333333334,1.1363636363636243
Sayuran & Buah,2024-05,0.82,0.6,136.66666666666666,-7.86516853932585
Sayuran & Buah,2024-06,0.89,0.6,148.33333333333334,8.536585365853666
Sayuran & Buah,2024-07,0.9,0.6,150.0,1.1235955056179803
Sayuran & Buah,2024-08,0.92,0.6,153.33333333333334,2.2222222222222365
Sayuran & Buah,2024-09,0.88,0.6,146.66666666666669,-4.347826086956519
Sayuran & Buah,2024-10,0.86,0.6,143.33333333333334,-2.272727272727282
Sayuran & Buah,2024-11,0.86,0.6,143.33333333333334,0.0
Sayuran & Buah,2024-12,0.96,0.6,160.0,11.627906976744185
Sayuran & Buah,2025-01,0.94,0.6,156.66666666666666,-2.083333333333337
Sayuran & Buah,2025-02,0.88,0.6,146.66666666666669,-6.382978723404243
Sayuran & Buah,2025-03,0.9,0.6,150.0,2.2727272727272485
Sayuran & Buah,2025-04,0.92,0.6,153.33333333333334,2.2222222222222365
Sayuran & Buah,2025-05,0.9,0.6,150.0,-2.1739130434782705
Sayuran & Buah,2025-06,0.97,0.6,161.66666666666666,7.777777777777772
Sayuran & Buah,2025-07,0.87,0.6,145.0,-10.309278350515461
Sayuran & Buah,2025-08,0.915,0.6,152.5,5.1724137931034475
Sayuran & Buah,2025-09,0.9066666666666666,0.6,151.11111111111111,-0.910746812386154
Sayuran & Buah,2025-10,0.9,0.6,150.0,-0.7352941176470562
Sayuran & Buah,2025-11,0.95,0.6,158.33333333333331,5.555555555555536
Sayuran & Buah,2025-12,1.01,0.6,168.33333333333334,6.31578947368423
Sayuran & Buah,2026-01,1.15,0.6,191.66666666666666,13.861386138613852
Sayuran & Buah,2026-02,0.73,0.6,121.66666666666669,-36.521739130434774
Sayuran & Buah,2026-03,0.57,0.6,95.0,-21.91780821917809
Serealia & Umbi,2016-01,0.5,0.5,100.0,
Serealia & Umbi,2016-02,0.51,0.5,102.0,2.0000000000000018
Serealia & Umbi,2016-03,0.51,0.5,102.0,0.0
Serealia & Umbi,2016-04,0.52,0.5,104.0,1.9607843137254832
Serealia & Umbi,2016-05,0.52,0.5,104.0,0.0
Serealia & Umbi,2016-06,0.56,0.5,112.00000000000001,7.692307692307709
Serealia & Umbi,2016-07,0.6,0.5,120.0,7.14285714285714
Serealia & Umbi,2016-08,0.6,0.5,120.0,0.0
Serealia & Umbi,2016-09,0.6,0.5,120.0,0.0
Serealia & Umbi,2016-10,0.58,0.5,115.99999999999999,-3.3333333333333437
Serealia & Umbi,2016-11,0.6,0.5,120.0,3.4482758620689724
Serealia & Umbi,2016-12,0.63,0.5,126.0,5.000000000000004
Serealia & Umbi,2017-01,0.56,0.5,112.00000000000001,-11.111111111111105
Serealia & Umbi,2017-02,0.56,0.5,112.00000000000001,0.0
Serealia & Umbi,2017-03,0.63,0.5,126.0,12.499999999999979
Serealia & Umbi,2017-04,0.58,0.5,115.99999999999999,-7.936507936507953
Serealia & Umbi,2017-05,0.59,0.5,118.0,1.7241379310344973
Serealia & Umbi,2017-06,0.6,0.5,120.0,1.6949152542372836
Serealia & Umbi,2017-07,0.6,0.5,120.0,0.0
Serealia & Umbi,2017-08,0.61,0.5,122.0,1.6666666666666607
Serealia & Umbi,2017-09,0.6,0.5,120.0,-1.6393442622950838
Serealia & Umbi,2017-10,0.61,0.5,122.0,1.6666666666666607
Serealia & Umbi,2017-11,0.6,0.5,120.0,-1.6393442622950838
Serealia & Umbi,2017-12,0.6,0.5,120.0,0.0
Serealia & Umbi,2018-01,0.59,0.5,118.0,-1.6666666666666718
Serealia & Umbi,2018-02,0.61,0.5,122.0,3.3898305084745672
Serealia & Umbi,2018-03,0.62,0.5,124.0,1.6393442622950838
Serealia & Umbi,2018-04,0.6,0.5,120.0,-3.2258064516129004
Serealia & Umbi,2018-05,0.6,0.5,120.0,0.0
Serealia & Umbi,2018-06,0.59,0.5,118.0,-1.6666666666666718
Serealia & Umbi,2018-07,0.6,0.5,120.0,1.6949152542372836
Serealia & Umbi,2018-08,0.57,0.5,113.99999999999999,-5.000000000000016
Serealia & Umbi,2018-09,0.58,0.5,115.99999999999999,1.7543859649122862
Serealia & Umbi,2018-10,0.56,0.5,112.00000000000001,-3.448275862068939
Serealia & Umbi,2018-11,0.54,0.5,108.0,-3.571428571428581
Serealia & Umbi,2018-12,0.61,0.5,122.0,12.962962962962955
Serealia & Umbi,2019-01,0.58,0.5,115.99999999999999,-4.918032786885263
Serealia & Umbi,2019-02,0.6,0.5,120.0,3.4482758620689724
Serealia & Umbi,2019-03,0.6066666666666667,0.5,121.33333333333334,1.1111111111111294
Serealia & Umbi,2019-04,0.61,0.5,122.0,0.5494505494505475
Serealia & Umbi,2019-05,0.61,0.5,122.0,0.0
Serealia & Umbi,2019-06,0.59,0.5,118.0,-3.2786885245901676
Serealia & Umbi,2019-07,0.58,0.5,115.99999999999999,-1.6949152542372947
Serealia & Umbi,2019-08,0.59,0.5,118.0,1.7241379310344973
Serealia & Umbi,2019-09,0.6,0.5,120.0,1.6949152542372836
Serealia & Umbi,2019-10,0.62,0.5,124.0,3.3333333333333437
Serealia & Umbi,2019-11,0.625,0.5,125.0,0.8064516129032251
Serealia & Umbi,2019-12,0.61,0.5,122.0,-2.400000000000002
Serealia & Umbi,2020-01,0.69,0.5,138.0,13.114754098360649
Serealia & Umbi,2020-02,0.7,0.5,140.0,1.449275362318847
Serealia & Umbi,2020-03,0.69,0.5,138.0,-1.4285714285714235
Serealia & Umbi,2020-04,0.68,0.5,136.0,-1.449275362318836
Serealia & Umbi,2020-05,0.68,0.5,136.0,0.0
Serealia & Umbi,2020-06,0.69,0.5,138.0,1.4705882352941124
Serealia & Umbi,2020-07,0.67,0.5,134.0,-2.898550724637683
Serealia & Umbi,2020-08,0.68,0.5,136.0,1.4925373134328401
Serealia & Umbi,2020-09,0.67,0.5,134.0,-1.4705882352941124
Serealia & Umbi,2020-10,0.67,0.5,134.0,0.0
Serealia & Umbi,2020-11,0.65,0.5,130.0,-2.985074626865669
Serealia & Umbi,2020-12,0.66,0.5,132.0,1.538461538461533
Serealia & Umbi,2021-01,0.64,0.5,128.0,-3.0303030303030276
Serealia & Umbi,2021-02,0.66,0.5,132.0,3.125
Serealia & Umbi,2021-03,0.6416666666666666,0.5,128.33333333333331,-2.77777777777779
Serealia & Umbi,2021-04,0.66,0.5,132.0,2.857142857142869
Serealia & Umbi,2021-05,0.65,0.5,130.0,-1.5151515151515138
Serealia & Umbi,2021-06,0.68,0.5,136.0,4.615384615384621
Serealia & Umbi,2021-07,0.68,0.5,136.0,0.0
Serealia & Umbi,2021-08,0.67,0.5,134.0,-1.4705882352941124
Serealia & Umbi,2021-09,0.68,0.5,136.0,1.4925373134328401
Serealia & Umbi,2021-10,0.68,0.5,136.0,0.0
Serealia & Umbi,2021-11,0.7,0.5,140.0,2.941176470588225
Serealia & Umbi,2021-12,0.69,0.5,138.0,-1.4285714285714235
Serealia & Umbi,2022-01,0.7,0.5,140.0,1.449275362318847
Serealia & Umbi,2022-02,0.71,0.5,142.0,1.4285714285714235
Serealia & Umbi,2022-03,0.7,0.5,140.0,-1.4084507042253502
Serealia & Umbi,2022-04,0.74,0.5,148.0,5.714285714285716
Serealia & Umbi,2022-05,0.72,0.5,144.0,-2.7027027027026973
Serealia & Umbi,2022-06,0.72,0.5,144.0,0.0
Serealia & Umbi,2022-07,0.7,0.5,140.0,-2.777777777777779
Serealia & Umbi,2022-08,0.7,0.5,140.0,0.0
Serealia & Umbi,2022-09,0.71,0.5,142.0,1.4285714285714235
Serealia & Umbi,2022-10,0.6875,0.5,137.5,-3.169014084507038
Serealia & Umbi,2022-11,0.72,0.5,144.0,4.7272727272727355
Serealia & Umbi,2022-12,0.71,0.5,142.0,-1.388888888888884
Serealia & Umbi,2023-01,0.74,0.5,148.0,4.225352112676051
Serealia & Umbi,2023-02,0.75,0.5,150.0,1.3513513513513598
Serealia & Umbi,2023-03,0.77,0.5,154.0,2.6666666666666616
Serealia & Umbi,2023-04,0.79,0.5,158.0,2.5974025974025983
Serealia & Umbi,2023-05,0.75,0.5,150.0,-5.063291139240511
Serealia & Umbi,2023-06,0.77,0.5,154.0,2.6666666666666616
Serealia & Umbi,2023-07,0.78,0.5,156.0,1.298701298701288
Serealia & Umbi,2023-08,0.78,0.5,156.0,0.0
Serealia & Umbi,2023-09,0.8,0.5,160.0,2.564102564102555
Serealia & Umbi,2023-10,0.8,0.5,160.0,0.0
Serealia & Umbi,2023-11,0.81,0.5,162.0,1.2499999999999956
Serealia & Umbi,2023-12,0.81,0.5,162.0,0.0
Serealia & Umbi,2024-01,0.81,0.5,162.0,0.0
Serealia & Umbi,2024-02,0.77,0.5,154.0,-4.938271604938271
Serealia & Umbi,2024-03,0.79,0.5,158.0,2.5974025974025983
Serealia & Umbi,2024-04,0.78,0.5,156.0,-1.2658227848101222
Serealia & Umbi,2024-05,0.8,0.5,160.0,2.564102564102555
Serealia & Umbi,2024-06,0.82,0.5,164.0,2.499999999999991
Serealia & Umbi,2024-07,0.83,0.5,166.0,1.2195121951219523
Serealia & Umbi,2024-08,0.82,0.5,164.0,-1.2048192771084376
Serealia & Umbi,2024-09,0.85,0.5,170.0,3.658536585365857
Serealia & Umbi,2024-10,0.83,0.5,166.0,-2.352941176470591
Serealia & Umbi,2024-11,0.81,0.5,162.0,-2.409638554216864
Serealia & Umbi,2024-12,0.81,0.5,162.0,0.0
Serealia & Umbi,2025-01,0.82,0.5,164.0,1.2345679012345734
Serealia & Umbi,2025-02,0.8,0.5,160.0,-2.4390243902439046
Serealia & Umbi,2025-03,0.81,0.5,162.0,1.2499999999999956
Serealia & Umbi,2025-04,0.77,0.5,154.0,-4.938271604938271
Serealia & Umbi,2025-05,0.78,0.5,156.0,1.298701298701288
Serealia & Umbi,2025-06,0.77,0.5,154.0,-1.2820512820512775
Serealia & Umbi,2025-07,0.72,0.5,144.0,-6.493506493506496
Serealia & Umbi,2025-08,0.73,0.5,146.0,1.388888888888884
Serealia & Umbi,2025-09,0.74,0.5,148.0,1.3698630136986356
Serealia & Umbi,2025-10,0.74,0.5,148.0,0.0
Serealia & Umbi,2025-11,0.81,0.5,162.0,9.459459459459453
Serealia & Umbi,2025-12,0.82,0.5,164.0,1.2345679012345734
Serealia & Umbi,2026-01,0.75,0.5,150.0,-8.536585365853655
Serealia & Umbi,2026-02,0.72,0.5,144.0,-4.0000000000000036
Serealia & Umbi,2026-03,0.86,0.5,172.0,19.444444444444443
Susu & Olahan Susu,2016-01,0.95,0.95,100.0,
Susu & Olahan Susu,2016-02,0.95,0.95,100.0,0.0
Susu & Olahan Susu,2016-03,1.1,0.95,115.78947368421053,15.789473684210531
Susu & Olahan Susu,2016-04,1.02,0.95,107.36842105263158,-7.272727272727286
Susu & Olahan Susu,2016-05,0.88,0.95,92.63157894736842,-13.725490196078427
Susu & Olahan Susu,2016-06,1.24,0.95,130.5263157894737,40.90909090909092
Susu & Olahan Susu,2016-07,1.16,0.95,122.10526315789474,-6.451612903225811
Susu & Olahan Susu,2016-08,0.91,0.95,95.78947368421053,-21.55172413793103
Susu & Olahan Susu,2016-09,1.024,0.95,107.78947368421052,12.527472527472504
Susu & Olahan Susu,2016-10,0.92,0.95,96.8421052631579,-10.15624999999999
Susu & Olahan Susu,2016-11,0.97,0.95,102.10526315789474,5.434782608695654
Susu & Olahan Susu,2016-12,0.88,0.95,92.63157894736842,-9.278350515463918
Susu & Olahan Susu,2017-01,1.41,0.95,148.42105263157893,60.227272727272705
Susu & Olahan Susu,2017-02,1.35,0.95,142.10526315789477,-4.2553191489361435
Susu & Olahan Susu,2017-03,1.46,0.95,153.6842105263158,8.148148148148149
Susu & Olahan Susu,2017-04,1.32,0.95,138.94736842105263,-9.589041095890426
Susu & Olahan Susu,2017-05,1.605,0.95,168.94736842105266,21.590909090909104
Susu & Olahan Susu,2017-06,1.49,0.95,156.8421052631579,-7.165109034267935
Susu & Olahan Susu,2017-07,1.68,0.95,176.8421052631579,12.751677852348987
Susu & Olahan Susu,2017-08,1.33,0.95,140.0,-20.833333333333325
Susu & Olahan Susu,2017-09,1.37,0.95,144.2105263157895,3.0075187969925032
Susu & Olahan Susu,2017-10,1.71,0.95,180.0,24.81751824817515
Susu & Olahan Susu,2017-11,1.35,0.95,142.10526315789477,-21.052631578947356
Susu & Olahan Susu,2017-12,1.7,0.95,178.94736842105263,25.92592592592591
Susu & Olahan Susu,2018-01,1.33,0.95,140.0,-21.764705882352942
Susu & Olahan Susu,2018-02,1.41,0.95,148.42105263157893,6.01503759398494
Susu & Olahan Susu,2018-03,1.49,0.95,156.8421052631579,5.673758865248235
Susu & Olahan Susu,2018-04,1.705,0.95,179.47368421052633,14.429530201342299
Susu & Olahan Susu,2018-05,1.49,0.95,156.8421052631579,-12.609970674486814
Susu & Olahan Susu,2018-06,1.5,0.95,157.89473684210526,0.6711409395973256
Susu & Olahan Susu,2018-07,1.5750000000000002,0.95,165.78947368421055,5.000000000000027
Susu & Olahan Susu,2018-08,1.49,0.95,156.8421052631579,-5.396825396825411
Susu & Olahan Susu,2018-09,1.49,0.95,156.8421052631579,0.0
Susu & Olahan Susu,2018-10,1.49,0.95,156.8421052631579,0.0
Susu & Olahan Susu,2018-11,1.49,0.95,156.8421052631579,0.0
Susu & Olahan Susu,2018-12,1.98,0.95,208.42105263157896,32.885906040268466
Susu & Olahan Susu,2019-01,1.85,0.95,194.73684210526318,-6.565656565656564
Susu & Olahan Susu,2019-02,2.115,0.95,222.63157894736847,14.324324324324333
Susu & Olahan Susu,2019-03,2.0999999999999996,0.95,221.05263157894734,-0.7092198581560627
Susu & Olahan Susu,2019-04,2.08,0.95,218.94736842105266,-0.9523809523809268
Susu & Olahan Susu,2019-05,2.19,0.95,230.5263157894737,5.288461538461542
Susu & Olahan Susu,2019-06,2.11,0.95,222.1052631578947,-3.6529680365297024
Susu & Olahan Susu,2019-07,2.01,0.95,211.57894736842104,-4.739336492890988
Susu & Olahan Susu,2019-08,1.615,0.95,170.00000000000003,-19.65174129353232
Susu & Olahan Susu,2019-09,1.98,0.95,208.42105263157896,22.600619195046434
Susu & Olahan Susu,2019-10,1.69,0.95,177.89473684210526,-14.646464646464652
Susu & Olahan Susu,2019-11,1.72,0.95,181.05263157894737,1.775147928994092
Susu & Olahan Susu,2019-12,1.66,0.95,174.73684210526318,-3.48837209302324
Susu & Olahan Susu,2020-01,1.62,0.95,170.5263157894737,-2.4096385542168752
Susu & Olahan Susu,2020-02,1.61,0.95,169.47368421052633,-0.6172839506172867
Susu & Olahan Susu,2020-03,1.69,0.95,177.89473684210526,4.968944099378869
Susu & Olahan Susu,2020-04,2.08,0.95,218.94736842105266,23.076923076923084
Susu & Olahan Susu,2020-05,1.95,0.95,205.26315789473685,-6.250000000000011
Susu & Olahan Susu,2020-06,2.28,0.95,240.0,16.92307692307693
Susu & Olahan Susu,2020-07,2.375,0.95,250.0,4.166666666666674
Susu & Olahan Susu,2020-08,2.3,0.95,242.10526315789474,-3.157894736842104
Susu & Olahan Susu,2020-09,2.63,0.95,276.8421052631579,14.347826086956527
Susu & Olahan Susu,2020-10,2.09,0.95,219.99999999999997,-20.532319391635
Susu & Olahan Susu,2020-11,2.415,0.95,254.21052631578948,15.55023923444978
Susu & Olahan Susu,2020-12,2.25,0.95,236.84210526315792,-6.832298136645953
Susu & Olahan Susu,2021-01,1.56,0.95,164.2105263157895,-30.666666666666664
Susu & Olahan Susu,2021-02,2.14,0.95,225.26315789473688,37.17948717948718
Susu & Olahan Susu,2021-03,2.0149999999999997,0.95,212.1052631578947,-5.841121495327128
Susu & Olahan Susu,2021-04,1.7,0.95,178.94736842105263,-15.632754342431754
Susu & Olahan Susu,2021-05,1.97,0.95,207.3684210526316,15.882352941176482
Susu & Olahan Susu,2021-06,1.54,0.95,162.10526315789474,-21.82741116751269
Susu & Olahan Susu,2021-07,1.98,0.95,208.42105263157896,28.57142857142858
Susu & Olahan Susu,2021-08,1.2,0.95,126.3157894736842,-39.393939393939405
Susu & Olahan Susu,2021-09,1.2,0.95,126.3157894736842,0.0
Susu & Olahan Susu,2021-10,1.605,0.95,168.94736842105266,33.750000000000036
Susu & Olahan Susu,2021-11,1.475,0.95,155.26315789473685,-8.099688473520262
Susu & Olahan Susu,2021-12,1.16,0.95,122.10526315789474,-21.355932203389827
Susu & Olahan Susu,2022-01,1.1749999999999998,0.95,123.68421052631578,1.2931034482758452
Susu & Olahan Susu,2022-02,1.13,0.95,118.94736842105263,-3.8297872340425476
Susu & Olahan Susu,2022-03,1.1275,0.95,118.6842105263158,-0.22123893805309214
Susu & Olahan Susu,2022-04,1.26,0.95,132.63157894736844,11.75166297117518
Susu & Olahan Susu,2022-05,1.2,0.95,126.3157894736842,-4.761904761904779
Susu & Olahan Susu,2022-06,1.3,0.95,136.8421052631579,8.333333333333325
Susu & Olahan Susu,2022-07,1.295,0.95,136.31578947368422,-0.38461538461537215
Susu & Olahan Susu,2022-08,1.28,0.95,134.73684210526318,-1.1583011583011449
Susu & Olahan Susu,2022-09,1.43,0.95,150.5263157894737,11.71875
Susu & Olahan Susu,2022-10,1.35,0.95,142.10526315789477,-5.594405594405583
Susu & Olahan Susu,2022-11,1.32,0.95,138.94736842105263,-2.2222222222222476
Susu & Olahan Susu,2022-12,1.160625,0.95,122.17105263157895,-12.073863636363635
Susu & Olahan Susu,2023-01,1.53,0.95,161.05263157894737,31.82552504038774
Susu & Olahan Susu,2023-02,1.86,0.95,195.78947368421055,21.568627450980404
Susu & Olahan Susu,2023-03,2.44,0.95,256.8421052631579,31.182795698924725
Susu & Olahan Susu,2023-04,1.82,0.95,191.57894736842107,-25.409836065573778
Susu & Olahan Susu,2023-05,1.62,0.95,170.5263157894737,-10.989010989010994
Susu & Olahan Susu,2023-06,1.56,0.95,164.2105263157895,-3.703703703703687
Susu & Olahan Susu,2023-07,1.49,0.95,156.8421052631579,-4.487179487179505
Susu & Olahan Susu,2023-08,2.37,0.95,249.47368421052633,59.06040268456376
Susu & Olahan Susu,2023-09,2.955,0.95,311.0526315789474,24.68354430379747
Susu & Olahan Susu,2023-10,2.62,0.95,275.7894736842105,-11.336717428087994
Susu & Olahan Susu,2023-11,2.29,0.95,241.05263157894737,-12.595419847328237
Susu & Olahan Susu,2023-12,2.59,0.95,272.63157894736844,13.100436681222716
Susu & Olahan Susu,2024-01,2.86,0.95,301.0526315789474,10.424710424710426
Susu & Olahan Susu,2024-02,2.8099999999999996,0.95,295.7894736842105,-1.7482517482517612
Susu & Olahan Susu,2024-03,2.395,0.95,252.10526315789474,-14.768683274021354
Susu & Olahan Susu,2024-04,2.465,0.95,259.4736842105263,2.9227557411273475
Susu & Olahan Susu,2024-05,2.68,0.95,282.1052631578948,8.722109533468592
Susu & Olahan Susu,2024-06,2.29,0.95,241.05263157894737,-14.552238805970163
Susu & Olahan Susu,2024-07,2.69,0.95,283.1578947368421,17.467248908296938
Susu & Olahan Susu,2024-08,2.31,0.95,243.1578947368421,-14.1263940520446
Susu & Olahan Susu,2024-09,2.17,0.95,228.42105263157896,-6.060606060606055
Susu & Olahan Susu,2024-10,3.06,0.95,322.10526315789474,41.01382488479261
Susu & Olahan Susu,2024-11,2.4,0.95,252.6315789473684,-21.568627450980394
Susu & Olahan Susu,2024-12,2.6,0.95,273.6842105263158,8.333333333333325
Susu & Olahan Susu,2025-01,2.415,0.95,254.21052631578948,-7.115384615384612
Susu & Olahan Susu,2025-02,1.91,0.95,201.05263157894737,-20.91097308488613
Susu & Olahan Susu,2025-03,2.71,0.95,285.2631578947368,41.88481675392668
Susu & Olahan Susu,2025-04,1.9049999999999998,0.95,200.52631578947367,-29.704797047970477
Susu & Olahan Susu,2025-05,2.01,0.95,211.57894736842104,5.5118110236220375
Susu & Olahan Susu,2025-06,2.5,0.95,263.15789473684214,24.378109452736354
Susu & Olahan Susu,2025-07,2.1950000000000003,0.95,231.0526315789474,-12.2
Susu & Olahan Susu,2025-08,2.28,0.95,240.0,3.8724373576309645
Susu & Olahan Susu,2025-09,2.67,0.95,281.05263157894734,17.105263157894733
Susu & Olahan Susu,2025-10,2.73,0.95,287.36842105263156,2.2471910112359605
Susu & Olahan Susu,2025-11,3.01,0.95,316.8421052631579,10.256410256410264
Susu & Olahan Susu,2025-12,1.5,0.95,157.89473684210526,-50.166112956810636
Susu & Olahan Susu,2026-01,1.65,0.95,173.6842105263158,10.000000000000009
Susu & Olahan Susu,2026-02,2.96,0.95,311.57894736842104,79.39393939393938
Susu & Olahan Susu,2026-03,3.04,0.95,320.0,2.7027027027026973
