commodity,n_months,mean_index,std_index,mean_mom_change,std_mom_change,median_usdprice,cv_index
Beras,123,3400.5635291646254,71996.91453885492,47.00178991731642,495.1197028567011,1.02,21.172053961462534
Gula,123,1438.391844164764,25543.34088052497,1.4228219897939736,18.968606805332076,0.94,17.75826314932793
Garam,123,972.2895277052513,13739.464663510564,4.60835061276892,72.99621211231512,0.425,14.131042525921014
Tepung jagung,123,3882.4427475539824,53320.917427117514,9.943060601276438,316.8423455468496,0.8300000000000001,13.733858010066156
Kacang merah bintik,121,3035.9301624121044,16871.284062196777,6.279673199425909,65.66284027918684,1.13,5.55720427007195
Ubi,123,168.1293057094531,837.0081137693722,148.87288167175763,1137.8558031438747,1.19,4.978359425428302
Lentil,123,163.74541278028298,664.2002140663111,49.65791490060694,703.635335673209,1.7675,4.056298144715351
Tepung terigu,123,426.36305113924413,1660.9511835286928,16.153364770503778,281.18670565428107,0.765,3.8956264598694075
Jagung kuning,121,262.3303656909971,987.78740972337,177.1069170696189,972.5894283215881,0.565,3.7654329765502625
Jagung,123,194.8821247016134,684.6062974891223,77.80376721847024,669.8284241562926,0.43499999999999994,3.512925049115367
Kentang Irlandia,122,492.9770306692711,1692.3595184784267,25.702935875523973,334.5823061369518,0.8500000000000001,3.4329378717317938
Gandum,123,192.44454972420738,610.6517177588761,31.81442958831948,451.31471638349007,0.46,3.1731307466696363
Sorgum,123,394.66274474072287,1123.8864831365076,65.30641603542688,603.2366134864014,0.64,2.8477136444050597
Bawang merah,123,117.05422920607265,333.22057252623756,12.059408400177459,351.84890885053187,0.74,2.8467196340219925
Jagung putih,122,176.5411568179034,474.33002120904155,68.88969869777901,591.9072857316108,0.505,2.6867957011196992
Kacang merah,123,588.6087819481338,1506.538482962809,148.74418994265054,863.4055153728044,4.79,2.5594903256057093
Beras butir sedang,121,882.1139324056152,2204.566356270587,121.64770249473517,726.7145325479601,0.9299999999999999,2.499185507997259
Wortel,122,266.53402096762306,651.4964863946341,6.212365281781831,115.47255072242255,0.7324999999999999,2.4443276848090396
Kacang,123,128.6707412220973,313.0673029775389,14.862362661541846,259.7453780607851,1.24,2.433088517281147
Pasta,123,120.1117645116191,281.8161509911972,6.806030097187326,213.91488334479698,0.89,2.3462826654580993
Tomat,123,185.7093072152518,431.66342016503745,10.790889942519257,141.06123469071497,0.77,2.324403804192244
Beras kualitas baik,106,528.0662282219914,1210.9401860782841,56.617070978862614,583.7898978509833,1.35,2.2931596859650383
Singkong segar,123,274.2016648401845,578.5634868075148,54.720071475157816,496.58023596722626,0.6,2.1099926112583027
Telur,123,216.99024430152406,449.73321795700656,15.376521828271581,239.94765872675632,0.885,2.072596486559409
Beras kualitas tinggi,123,815.2880788755947,1673.7874431827354,36.066418145376126,408.8880682145183,0.965,2.0530012477198745
Tepung jagung putih giling,103,885.4929732103645,1734.2203252049949,22.189144078139496,254.38018891380972,0.345,1.9584800531138717
Kedelai,122,181.71658389363364,342.29722451998015,16.188201174659795,112.51241028069514,0.85,1.8836873178308322
Kacang polong kuning belah,116,289.00201530887733,538.4513386199385,7.937658688842062,86.502626560571,1.6400000000000001,1.8631404284307729
Jawawut,123,141.6281345394832,242.84629594207675,43.66867841980671,398.64276500501853,0.7,1.7146755249704704
Beras lokal,123,105.39275369856284,176.0491556228355,25.327602316702716,331.61025629203897,0.81,1.6704104356771936
Pisang tanduk,121,124.65495817475512,189.79707191397864,24.08037064931278,251.06739950637493,0.66,1.5225794039247127
Minyak bunga matahari,121,184.00804265433584,268.4358462958405,10.411982248140523,182.07678901532455,2.03,1.4588267035702598
Sorgum putih impor,121,337.9969339649826,482.5715226416661,48.50860878601631,240.20470911355685,3.4050000000000002,1.4277393495281288
Daging unta,114,1311.9380582417625,1835.0400997653496,11.015956590253149,71.60213578903503,7.4,1.3987246488028862
Minyak sayur impor,121,143.19012389679173,200.20022810514152,4.554248310024985,75.11275165219669,2.64,1.3981427116400946
Tepung terigu lokal,121,126.05930903464117,174.08254395452462,3.614645864892941,70.12037931866391,1.34,1.3809574658757382
Beras impor,123,110.7698191167143,150.82332384290703,12.238447003362868,171.61179482401195,0.88,1.3615922193028929
Kacang tanah (kulit),120,141.62672234646584,182.44187376312146,10.371703929415686,166.92777375885765,0.84,1.2881882086970018
Gula putih,121,184.81335583202414,237.52214245868802,2.6368877679934424,31.790568809755964,3.065,1.2852000949247986
Ikan tilapia,121,119.48695348639966,151.12513839133464,25.56341889359682,334.55190856546477,2.73,1.264783593369766
Selada,118,116.26747492221531,147.0103250147646,12.373344273691945,105.02443684134242,0.8,1.2644148771022738
Beras biasa kualitas kedua,120,100.79426168477275,126.32792272622609,135.96430389436756,948.6846932867385,31.6425,1.2533245505712234
Beras putih impor,107,47.60810993779885,54.24560185356687,-0.02312458675379905,12.67644753595034,0.755,1.1394193536445798
Kentang,123,134.70738669328676,148.30552389148838,11.539292653345731,250.68333239594443,0.565,1.1009457427094402
Roti pita,109,149.23767798466594,156.07011969054307,1.1860875356389096,11.795316052397613,0.45,1.0457822836574766
Sorgum merah,121,164.11134363402275,168.7081131356681,34.51606246995488,433.2830571079957,1.0750000000000002,1.0280100656045836
Minyak,122,176.28350077223703,178.2722519709569,3.0739463380818646,31.072800227191472,2.01,1.0112815504003938
Daging sapi kalengan,109,174.5299062795045,169.0906821930953,1.3538361501626508,11.340122015581585,1.1749999999999998,0.9688350025370526
Terong,110,128.79279140719552,121.65963778040643,12.81116160611005,194.55880278594535,0.75,0.9446152727272081
Semangka,122,66.65564796388367,62.65027995697787,4.696698744593834,53.05139640744086,0.66,0.9399095481139716
Tomat kering,114,309.3125651265186,267.62269030581007,5.399573081045667,24.463667315927665,2.31,0.8652176486795612
Sorgum lokal,104,146.1243813677534,125.79359901516574,5.82131550779418,70.58090397696103,29.645,0.8608665976048113
Talas macabo,121,89.04063543561976,76.22007427854385,21.194128754808062,136.22051510129026,5.64,0.8560144916492006
Kacang putih,123,123.24274041212932,104.59321302442794,21.782716040349953,320.31687739452497,1.96,0.8486764630083969
Kacang arab,123,114.10895749590856,96.41432670781312,4.173128092070433,74.97289774482086,1.9049999999999998,0.844932149268563
Daging sapi,123,117.9623644917807,99.30346337056208,1.4896578685841815,27.166714627418525,4.8100000000000005,0.841823269636828
Minyak sayur,123,132.71780337186425,109.81862670477582,2.161921380175453,23.745072308375875,1.9024999999999999,0.82745964681975
Susu bubuk,123,125.37541125030418,101.58856465680785,1.6777047604387725,26.91500571897819,5.07,0.8102750263685486
Mentimun,120,89.2784070004707,69.14432001667113,8.560807432275594,74.66415952694254,0.925,0.7744797688460838
Kacang tanah (kupas),123,124.56807129410038,96.08301771725202,53.78766303628249,546.6844248654317,1.33,0.7713294162707532
Wijen,119,127.72166479131951,97.16807822280073,11.465930339361318,99.14979867277643,1.505,0.7607799223535072
Kol,122,120.49549167424863,90.17251523927939,5.1276634397006235,48.115421691762414,0.52,0.7483476268394726
Tuna kalengan,122,115.97027041139351,84.47267678230129,4.324444115313634,44.827646616697834,1.67,0.728399412044505
Singkong kering,121,137.96092495612652,97.99129489838948,8.415943461416662,71.54260556509378,0.3975,0.7102829654813642
Beras Carolina kualitas 2,107,150.3770178419711,101.98555140430838,24.17881350287753,89.02862271611997,0.88,0.6781990550675997
Mentimun rumah kaca,121,93.42563884552665,62.169297330358724,6.474759877560125,43.26642494057387,1.0025,0.6654415008405958
Kacang mete,99,102.63942250778084,66.3710796135125,7.038711569117149,44.94300687069753,3.5199999999999996,0.6466431512558548
Ikan kering,123,147.61661290527036,94.43085641648682,3.2249389953544534,26.943172733007536,3.635,0.6397034490764647
Roti bakery,119,55.31008309756652,34.451177252304646,3.6442935782954122,31.4404444792168,0.082,0.6228733591221163
Ikan,123,82.02029772443271,50.90649672451151,2.5710620752269606,23.404316024807795,3.02,0.6206573023612322
Domba jantan umur dua tahun,120,150.51764835433084,92.34832568691276,2.0632615629707534,17.670492756932685,251.85250000000002,0.6135381910134369
Singkong,123,125.20611289785744,76.10572670253683,17.62058890622649,207.39459315466615,0.54,0.6078435384750226
Apel,122,143.6642041712743,85.9282827786906,2.46124601207199,23.080632500290406,0.94,0.5981189487970726
Beras butir sedang impor,116,149.14407774901736,87.84778145242694,1.2064110332864553,8.261059933694966,0.6275,0.5890128711664901
Mi pendek,120,119.11922081626831,70.04037760480627,2.2958726809010597,22.507827097576463,1.3,0.5879855251306407
Beras putih,121,96.25259032775179,55.317423899155806,785.04606365085,5790.909890159357,1.22,0.5747110151611842
Teh,123,110.54027806402704,62.657621386798354,1.6991581077934341,26.872542278486492,4.39,0.5668306836581853
Pisang,123,118.12190440697344,65.97994077240784,5.5055160768933105,55.779396972221555,0.81,0.5585749832231172
Daging ayam,123,103.72650028740534,57.034955074822236,6.014379977931781,82.59446051551105,3.12,0.549859051609664
Kacang cranberry,104,129.8175143679185,70.72877359582651,804.3980640387558,2302.4660575267912,2.8925,0.544832289696848
Kacang tunggak,123,157.88716096030356,85.11771880858178,4.105341253190779,31.363983325675417,1.29,0.5391047523489406
Mangga,120,120.4720169334767,64.56667408565598,6.428839057716455,38.23119435060861,0.87,0.5359474816571633
Daging kambing,123,130.74235987962064,67.58419028949426,1.3626278664449258,14.221355385101642,4.825,0.5169264984334193
Peterseli,122,92.55143051987616,47.31464318231502,2.827479962873173,25.661062663339486,0.135,0.5112254118228223
Kentang imilla,121,172.01276585609833,87.80537957343759,29.009485257611303,97.00081081231221,4.52,0.5104585065906877
Sorgum (bantuan pangan),118,159.07165973297523,80.01595005239962,5.688122465767088,30.95643971144671,2.47,0.5030182635091502
Ikan makarel segar,121,103.31825265187777,51.42165565960004,18.30225660857889,195.4165771460605,2.67,0.4977015613384502
Ikan bonga,119,151.92443366832993,74.87958719013787,3.9531166771333295,31.09988606061218,1.49,0.49287389383072766
Pasta tomat,122,115.61449939817406,56.73194181198426,5.238604013689225,67.57930554028916,1.4449999999999998,0.4906991952332948
Teh hitam,121,94.33964813364219,45.99049444793304,0.6885855558679475,11.397500984425397,3.005,0.48749910941773483
Bawang bombay,120,97.86426661036613,47.555164346218746,5.922305941670187,45.641111855091296,1.2325,0.4859298086353976
Sorgum putih,121,110.87120962814912,52.83057041089249,131.36881083200893,900.3450888513852,24.89,0.4765039597572797
Kembang kol,115,111.28369342625571,52.45722411248803,6.347787068355028,51.24877163742154,0.9950000000000001,0.47138284592656715
Keju picon,119,121.3280625320437,56.89922184348262,2.088575588413147,27.549772815104806,1.165,0.46897000294927715
Teh hijau,121,113.46683112648984,52.56565696140794,0.3306451954193898,11.152076376134122,2.645,0.4632689257251675
Ikan lates kering lokal,113,127.75736812150566,59.015867671388136,6.306750391502727,44.718838250466376,14.65,0.4619370963814796
Bayam,123,122.96644402574161,56.71568197631241,7.73919312456559,48.515196682968586,0.57,0.4612289346550481
Ubi jalar,123,132.58652810509358,60.18188662461989,2.8822953063220185,22.889484119489442,0.47,0.4539064977771892
Bulgur,123,108.46554981555842,48.62169544940281,0.7466096064909449,10.907243185034721,1.03,0.4482685565332234
Tepung singkong,122,104.15164277501201,46.44185004880366,1.8302087429139224,20.11364535584595,0.53,0.44590607321602377
Bawang putih,121,100.28461260706175,43.342159125204425,4.439292871494989,47.95707722021546,2.62,0.4321915197003254
Roti toko,102,121.89988740594276,52.16185573105793,2.4703395481894224,20.88942480730206,0.7925,0.4279073331491443
Tomat rumah kaca,114,134.07406295136354,56.06637077051889,5.063647594242913,33.01295326813333,0.91,0.41817462331142613
Kacang tanah,123,112.8795355828248,47.04215368697384,2.83755306413893,26.81028517847336,1.94,0.41674652047497923
Kopi,107,128.84187890073142,53.41887096012978,3.2709159221799307,41.42310403227481,7.85,0.41460797852294073
Keju lokal,111,113.27661945322534,45.97818321876251,1.3085080363566617,15.65800711119096,4.66,0.4058929675046316
Yogurt,121,97.60863712228354,39.44622317082403,9.516489682716283,115.41023612992036,0.88,0.4041263594471258
Daging ayam beku,119,128.16772455080243,50.53129856941592,1.2542475150389614,16.579450806492325,2.5075000000000003,0.394259153359523
Keju,121,97.63395396484152,38.39683490878293,0.8848989452308333,12.298477602301375,3.29,0.39327337826151976
Padi,114,106.84919194277911,41.9748661765962,23.916822060814948,275.0344212743838,0.5,0.3928421489520948
Kacang niebe,123,122.34417135400074,47.18237236388083,15.194005944963438,237.89478533737125,0.94875,0.38565280096065596
Singkong kering irisan (cossette),122,109.08985666246873,40.914747760693245,4.797246142479332,36.03599150874472,0.36,0.375055472730945
Daun singkong,115,74.57294500125715,27.93403906148246,5.977651418222586,56.1095463159299,0.36,0.3745867762230866
Bit,120,117.11796283779194,43.180636547695734,1.9007879404952186,21.404605130650115,0.5,0.36869354197614246
Kacang-kacangan,123,141.04540497103469,51.981167773915956,1.143911587750666,8.715793869428119,1.28,0.36854208603669786
Susu,123,110.00459871645081,40.45607246465506,1.0485433697619444,15.028078245254612,0.86,0.36776710189121387
Alpukat,99,124.19520654473061,45.600443963770466,3.933595090236564,29.726781069043692,1.31,0.36716750374215806
Cabai merah kering,115,126.19940626893722,46.32948173891418,1.89452596287083,21.647255915261326,2.52,0.3671133098691744
Tepung jagung lokal,103,139.47471799764298,50.69251667403947,1.4686283335493406,11.787211167978954,2.16,0.36345308599151377
Mentega,121,94.56252728025812,34.250945393487065,1.6231809480568893,23.201383456515757,4.525916666666667,0.36220420898837014
Ikan asap,117,110.74447159551607,40.05615116066133,2.9817307890375684,25.145343182107815,4.095,0.36169887835993036
Labu,119,115.82662409513351,41.7199287658504,3.519188639030304,27.273791115242837,0.46,0.36019290980615976
Garam beryodium,123,114.7319403892351,41.02196105152093,1.8799658393087209,18.172915611845994,0.39,0.3575461280646996
Ayam utuh beku,110,120.29685701674269,42.37660206501614,4.108068499253274,38.24854805085147,2.3716666666666666,0.3522669096759381
Susu pasteurisasi,121,101.26749758660011,35.421896630384836,0.6488461195781016,16.697382301095633,1.06,0.34978544423983005
Kuskus,114,91.85823521120653,31.844090388459264,0.8983637523343138,16.048371982013123,1.2,0.3466656017856344
Lemak babi,108,177.60249411260972,59.01152233539236,1.258612492494902,6.43665466125963,2.96,0.33226741904860757
Beras biasa kualitas pertama,120,109.47165743548025,36.0093986876058,93.16516358109959,731.1967297175652,19.92,0.32893809714015526
Minyak sawit,123,121.96368384718748,40.07077710478374,1.2291472982762772,15.933305373726364,1.53,0.32854679229753175
Kacang kering,122,115.06198141873382,37.36537398410287,1.2310632189518742,15.130979579668296,0.9675,0.32474127008227605
Daging sapi giling,120,83.78491782286771,27.003898181117307,1.024634306804178,11.290434320103781,7.97,0.32230022876201997
Gari (tepung singkong fermentasi),120,123.11031132784964,39.293975053507054,1.7649189534826857,17.261927209473566,0.65,0.3191769611309405
Pepaya,120,111.95002045662275,35.4598623994171,10.778908476651017,179.77266044595106,0.6775,0.31674726145455884
Gula merah impor,107,114.00282933897243,36.01892572372052,1.1645247898429583,15.986529008213614,1.575,0.3159476473748119
Roti,123,107.56385895735136,32.97782865155158,2.840482545348982,37.934992841869686,0.69,0.30658837430355823
Minyak sayur lokal,111,108.83589209868084,33.146800879565575,0.8675414571982545,10.234414126737589,2.05,0.3045576256177656
Daging domba,123,119.55551632835562,36.060886256264034,1.2737042971498709,12.60887571472672,8.4175,0.30162461226150283
Jeruk,119,120.71606040394964,35.56881108966816,3.2967132533947847,29.637682622623977,0.675,0.2946485411356615
Buncis,118,92.90936528879287,27.19380003950055,3.1234629292749365,25.789715936850758,0.87,0.29269169964699765
Tepung terigu impor,121,117.10331539919609,34.16125749661043,1.2020355186024552,15.118055189792774,3.0225,0.29171896098891276
Kambing hidup,116,157.55908677001685,45.759267583967016,3.5104651834589764,24.20180771411307,68.0825,0.290426077746694
Beras Tchako,102,134.04694570135746,38.741718216547,1.0204075358616014,8.715495536610952,3.2649999999999997,0.2890160459370666
Ikan segar,122,98.8049454565452,28.47722463020125,1.6260281779033097,19.549416887210125,3.73,0.2882165917770345
Sorgum Taghalit,119,126.1641498704745,35.387737992386846,5.233885941738973,34.22784537076659,0.8150000000000001,0.2804896480396167
Pisang berukuran sedang,112,129.81074054890374,36.10776274030464,1.880533330059268,18.04012791316823,1.69,0.2781569736650699
Jagung lokal,120,117.16500220665552,32.49315298524354,1.0028967570079244,13.830020299251222,0.45499999999999996,0.2773281472562272
Kurma,123,104.49693457005613,28.89734211736105,2.0064201577530794,20.052995863828443,2.0,0.2765377016680608
Kacang haricot,112,159.70462314064235,43.979831114047734,1.4697190689888624,14.334701255743783,1.56,0.2753823292599195
Kacang niebe putih,119,112.37622908400897,30.93614462526884,1.0115605683606679,12.773874457906237,0.84,0.27529082331230337
Jeruk ukuran besar,118,111.26731990985385,30.328647525871936,2.0090702737970223,19.90494581926121,0.8374999999999999,0.2725746207461768
Lentil impor,104,56.474491417673235,15.325796784148379,0.5728876964741824,15.601742259690331,1.43,0.27137556088468456
Kacang fava kering,111,101.93718073215048,27.449320893661096,0.2948410365924144,12.884353154781884,2.15,0.2692768300683807
Beras kualitas rendah,123,111.75139417029673,29.99746946635428,0.5261989391835771,4.629763427743282,0.68,0.2684303823596282
Susu sapi segar,99,118.05915628761989,31.4380377967788,1.6614798685198027,11.213150630627489,0.87,0.26629055115545924
Minyak kedelai,120,113.29951714141117,29.95117694651341,0.592086440024376,10.88384311260089,1.745,0.2643539681561997
Daging babi kualitas kedua,118,100.2351941681875,26.35179569565721,4.2998975284433865,32.00431491083954,3.87,0.2628996323530912
Beras lokal kualitas rendah,113,123.34498606561384,32.3455710072717,0.8852811743129331,6.77597330695304,1.05,0.26223661000752274
Domba hidup,107,191.0926869695424,50.085428044567315,3.884576542416798,29.517972309794626,50.83,0.26210018205746544
Susu unta,114,128.9037085020526,33.33889977287446,3.530550194630067,27.693536829255642,52.49,0.2586341398575324
Minyak goreng,123,122.66268471436027,31.26796897587906,0.8998136205601921,8.34670767315226,1.8,0.2549101957835958
Minyak zaitun,117,95.08820082031507,24.194573674105673,0.21023797592245635,8.901451537991388,8.85,0.25444348999541316
Susu non-pasteurisasi,121,103.20949156565484,25.92961686245298,1.2466492748617002,13.686128767798182,0.71,0.25123287082524115
Fonio,116,105.59242958446742,26.506835340026132,1.7718497086367238,22.938899139496385,1.3525,0.2510296944992851
Kacang hitam,120,103.87297455800727,25.982090347908787,68.17860980613504,588.9909312523166,5.52,0.2501333042445919
Kakao bubuk,105,92.26070228121016,23.024686040645864,0.03485669060570411,10.455949856339405,8.0075,0.24956114002326513
Beras lokal kualitas tinggi,113,114.3523672232678,28.293140071903867,0.8339457538740735,7.047986361439643,1.15,0.2474206766237099
Keju kering,121,105.18553180615194,25.951686474171897,0.8876573373922338,12.392842151054872,4.25,0.2467229668239798
Bawang merah kering lokal,110,103.37515782828282,25.28214834008596,2.061424201606224,20.86432594309535,0.955,0.24456696242323817
Krim asam,108,193.26821740439627,47.00540537755879,0.9801928686353913,3.900660917233606,2.5125,0.24321332296041323
Kacang polong,108,99.20808156125857,24.03146021611916,8.298334526919945,77.5749571502593,0.73,0.2422328890744684
Kopi instan,118,77.17305613794392,18.593614539646712,2.227225440212768,35.792025304893464,3.1,0.2409340185570898
Roti tepung kualitas pertama,120,121.08397197802407,29.037682710229035,0.6999562326465534,7.48475266960805,0.89,0.239814421643677
Sorgum Berbere,103,90.2716485240757,21.625544380380987,1.3339091718443266,14.140179937137347,0.295,0.23956075616159148
Ikan beku,118,108.04249073834822,25.680163270752413,1.0303007790899015,11.736302245526074,3.635,0.23768577617248124
Kacang polong belah kering,121,113.14249437389431,26.576618886624754,0.6249676174975405,9.31903682842453,1.3050000000000002,0.23489511198859386
Kentang ukuran sedang,108,125.2739197530864,29.340079552768138,2.437512310331425,20.807621537738704,0.9775,0.23420740414762412
Beras butir panjang,121,106.68284464165434,24.79885916032467,1.0483698856509454,13.885403621604311,1.02,0.23245404866755823
Beras butir panjang impor,121,122.25804159673969,28.267330629129667,0.6295916485293491,6.562713275598245,0.71,0.2312103994137878
Bawang putih ukuran sedang,107,94.92310664642831,21.51280355472224,0.4096329329014261,9.211863375558186,2.63,0.2266340021387375
Kacang polong hijau kering,120,122.82373315103757,27.109668550456917,1.360709932116715,13.83628023890578,1.09,0.22072011536337108
Ikan gabus,107,97.31464775664811,21.368931798351806,0.17372659293493942,8.283144266277686,2.5,0.21958597488621104
Gandum buckwheat pecah,119,86.7425065776714,19.046900291706482,0.34807167072672585,13.104186865192949,1.0125000000000002,0.21957977747220633
Ikan asin,109,81.26375491715291,17.829623179241064,8.349274462732946,87.24489620799561,5.59,0.21940437280332514
Daging babi,122,119.674191585173,25.92806321946667,0.7610465450749243,9.33118326460651,4.655,0.21665542817570216
Kacang mash,120,67.96100333137369,14.620785693979565,-0.04857451192900425,7.65619114273805,1.63,0.215134929993448
Roti tepung kualitas tinggi,121,118.9614254067145,25.107816916190185,0.46913809309181,5.911461309786831,1.11,0.21105847404189756
Kacang butter,106,89.52443636515598,18.81770676767035,0.7268564527157082,10.270614240410266,1.375,0.21019631657792193
Apel merah,121,100.26905919235746,21.070789923931432,1.4367184106942417,15.862066411568545,1.915,0.2101424915487534
Beras basmati pecah,121,91.63899505064165,19.08769057286051,0.5390349078722468,11.167933948106912,0.81,0.2082922293321991
Daging sapi bertulang,121,116.73600469180523,24.30863257998537,0.5215403032869028,6.029816000721453,4.157500000000001,0.20823594780515745
Ghee vanaspati,115,140.05065428450823,28.88586561734557,0.4962523084753923,3.368941832770387,1.455,0.20625298585656657
Padi butir panjang lokal,106,88.9914319569775,18.037425066955432,1.9051353781896445,21.565472718632826,0.62,0.20268721010889615
Daging sapi kualitas kedua,119,100.53553846607687,20.300511972323356,0.19352641425018255,6.601906470267296,6.38,0.20192374042113717
Ayam utuh,121,112.59334794336885,22.002739828831718,0.4303988317637826,7.625038922108461,2.26,0.1954177598475751
Domba jantan kebiri ukuran sedang,122,117.03368865010734,22.867986069744465,1.1136722141467443,12.323282826189644,49.6075,0.19539661044190706
Semolina,117,105.58531312203358,20.597432903851377,0.7382909744223881,11.131657343814002,0.8858333333333334,0.19507857953733812
Keju rendah lemak,107,100.3245067497404,18.987213585980708,1.9339458327532715,19.315182822784166,3.73,0.18925798093724333
Daging babi kualitas pertama,118,103.19647233860614,19.485410337221634,1.2825073039811608,13.8660561954022,4.33,0.1888185700116425
Minyak mustard,117,119.43630624171959,22.551047525802193,0.34960011951294423,6.196198981070805,1.885,0.18881233215771553
Beras giling biasa,121,107.46769448132534,20.20679746697135,0.06567960965288924,5.472163576787504,0.735,0.18802671411623784
Nanas,118,113.25551966349406,21.037353420882653,1.7877686700253568,18.637022779694846,1.23,0.1857512418237014
Beras Denikassia impor,112,115.22177419354838,20.73285290641813,0.572928912586125,5.732288226188334,0.65,0.17993867089384766
Tepung maizena,113,93.90291514836024,16.624071917867575,1.577739376550571,18.01893893502317,0.65,0.1770346734348201
Daging kambing bertulang,116,109.31641690048329,19.10786651626009,3.9627951062699274,42.537730612684676,17.25,0.1747941165475175
Jagung impor,114,121.72830725462305,21.204375723985752,0.5268112026649683,6.253500976289292,0.43,0.17419428727971936
Kenari,107,90.85871108568037,15.729648205902434,3.122561584433348,30.361845862951675,2.0949999999999998,0.1731220707177903
Ghee buatan,119,109.19055857637173,18.850148196867334,0.29668634900209906,3.3672149619873633,1.7650000000000001,0.17263533077068083
Tepung terigu kualitas pertama,121,107.70661301342021,18.540773854214347,0.4271116201335194,6.511368140479037,0.47,0.1721414622136913
Lentil masur,122,78.4602110504398,13.324671906548893,-0.1836507996891409,5.087001532765933,1.01,0.16982712292199734
Dadih,105,146.86748008812066,24.813188041254115,0.6880243785347487,3.8397703656048345,4.16,0.16894950486224844
Beras campuran kualitas rendah,120,126.57126065236557,21.19033272528221,0.8548752681185717,11.608045103965132,0.65,0.16741820075161093
Daging babi berlemak,117,117.05940334115493,19.56794657193085,0.48498531143693385,5.448207568353892,3.825,0.16716253469106218
Daging kerbau kualitas kedua,118,95.84759564953349,15.965394638301303,0.10236648111622701,7.272002583095587,6.115,0.16657063257672872
Daging kerbau kualitas pertama,118,88.8582785844421,14.591236598560945,-0.11868454249326961,4.529261293066298,7.1899999999999995,0.1642079593596322
Unggas,121,93.28757529065695,15.233546534745551,1.1030745823967443,15.10689975134671,1.3599999999999999,0.16329662859477537
Kacang hitam impor,107,123.44264113815584,19.657318719491265,0.8189216791749071,7.1414509386027145,1.395,0.1592425319018489
Roti gandum,121,118.96622149187232,18.937824139888733,0.6605706838118454,7.277711595188623,0.076,0.15918656491231464
Kefir,107,118.39286555215446,18.82285825462327,0.7492939930064004,9.18182551214534,0.82,0.15898642343724181
Beras butir pendek impor,118,107.07352677161407,16.854929200250467,0.4231033548926536,7.287475450683959,31.95,0.15741453287703627
Lentil moong,121,80.55333148783032,12.614829666880407,0.017083233493772325,6.091132358645882,1.26,0.15660220916854575
Ikan lele,119,100.87104247440618,15.728276419808312,0.4633576388559668,8.99295093565672,2.38,0.15592459474976694
Bawang putih ukuran kecil,118,116.3051158996525,17.877000514616924,0.7811872675349467,11.385091985365733,1.605,0.1537077743857898
Minyak biji kapas,121,105.68560171680157,16.160829139480906,0.4267386042029153,7.114276762733745,1.6,0.15291419906739961
Minyak jagung,117,122.63694582971694,18.63483715404412,0.3565033696709565,4.693527730473822,6.57,0.15195124950289324
Apel kering,106,89.55102320373547,13.479731532543743,1.715215216206924,19.755322320711414,1.34,0.15052571204994852
Beras kasar,122,113.65724782753769,17.011365188322138,0.3146321070501132,5.327344058877186,0.43,0.1496725067118905
Lentil urad,115,74.06233900684445,11.009393667343357,-0.2575998425569232,3.907685081728316,1.36,0.14865036420637384
Beras butir panjang kualitas tinggi lokal,104,83.15102328863796,11.618979888415462,0.03534226273358995,7.314424975026671,0.89,0.1397334564131951
Minyak kacang,119,112.80049769609303,14.919055678723312,0.5836399092266433,7.773199243222017,2.09,0.13226054834366258
Keju kambing,111,103.68844996977576,13.65499176849052,1.1623392052439663,14.301943553086831,6.53,0.13169250550539455
Kambing jantan kebiri ukuran sedang,103,111.18820214400395,14.51555196105733,0.6171980392676764,9.46290852059167,25.095,0.1305493899636735
Daging sapi kualitas pertama,120,94.26951244809386,12.202618269471555,-0.05410031813333942,3.8421132314656172,8.03,0.12944395226601485
Tepung terigu kualitas tinggi,115,98.3353626866729,12.625749597306589,0.31333972127720094,5.697236259549973,0.48,0.12839480378524826
Beras ketan belum digiling,118,95.60054404687173,11.997177427566058,0.3567163616640294,8.58935417734718,0.3725,0.12549277357338043
Gula merah,120,103.15219988291987,12.691011183591963,0.41130558886960833,6.458827743707921,0.965,0.12303190041508133
Roti cokelat,121,139.6326750879437,15.614770304189385,0.5910296340973328,5.878512257952446,0.725,0.11182748088407575
Keju berlemak,107,101.04089703227464,11.17694522708525,0.5216680031884163,7.38239800088161,4.9,0.11061803245387947
Beras biasa belum digiling,118,113.15277141548327,11.719599336088073,0.33726570169641745,7.720858481367219,0.42,0.10357324164032293
Daging sapi tanpa tulang,116,102.53285569819143,10.44422766845353,0.5945195352373155,7.848303895620569,5.27,0.10186225280993276
Roti khoboz,122,92.58196721311477,9.42346888332844,0.5758972603762691,10.741710323935274,0.14,0.1017851442023966
Beras kualitas sedang,115,108.41182851668317,10.465914905771692,0.329278605593892,2.806197950764715,0.9675,0.09653849629665755
Beras ketan kualitas pertama,119,100.70618608889339,9.643613144150352,0.18172838499321284,5.633775626854813,0.8200000000000001,0.09575988843066632
Beras ketan kualitas kedua,119,98.85021576198046,9.005654746967284,0.19200745887286108,6.76175547341518,0.73,0.09110404744742114
Labneh,112,118.07389116647718,10.742291429501527,0.7571221141064115,7.237640232301075,2.2875,0.09097939708242132
Ikan tilapia budidaya,118,96.34132639958911,7.457029294496613,0.05982393367011633,4.523033329280324,2.5925,0.07740218630131314
Ikan appolo,113,99.18114052803584,6.284231209792872,0.19149272364312384,4.905940554560039,2.41,0.06336115088348362
Gula aren,114,105.96937258400239,6.661582689661026,0.1550630591322257,4.755357565465969,0.62,0.06286328329801481
Beras Grano de Oro,112,96.52096724030686,5.063615373016456,-0.13383540296143387,2.2330219237029105,1.27,0.052461299526864937
Keju putih rebus,108,113.13312272050135,3.904300189345661,0.19454155811613355,3.8105587809604162,8.16,0.03451067287333125
